[Licensing::Module] Trying to connect to existing licensing client channel...
Built from '6000.3/staging' branch; Version is '6000.3.0f1 (d1870ce95baf) revision 13731596'; Using compiler version '194234433'; Build Type 'Release'
[Licensing::IpcConnector] Successfully connected to: "LicenseClient-M Zikry" at "2026-02-18T10:22:14.5356218Z"
OS: 'Windows 10  (10.0.19045) 64bit Core' Language: 'en' Physical Memory: 32693 MB
BatchMode: 1, IsHumanControllingUs: 0, StartBugReporterOnCrash: 0, Is64bit: 1
Date: 2026-02-18T10:22:14Z

COMMAND LINE ARGUMENTS:
E:\Unity\6000.3.0f1\Editor\Unity.exe
-adb2
-batchMode
-noUpm
-name
AssetImportWorker2
-projectPath
E:/GitHub Cloned Repo/GameAlgoProject
-logFile
Logs/AssetImportWorker2.log
-srvPort
57255
-licensingIpc
LicenseClient-M Zikry
-job-worker-count
5
-background-job-worker-count
8
-gc-helper-count
1
-name
AssetImport
Successfully changed project path to: E:/GitHub Cloned Repo/GameAlgoProject
E:/GitHub Cloned Repo/GameAlgoProject
[UnityMemory] Configuration Parameters - Can be set up in boot.config
    "memorysetup-temp-allocator-size-nav-mesh-worker=65536"
    "memorysetup-temp-allocator-size-audio-worker=65536"
    "memorysetup-temp-allocator-size-gfx=262144"
    "memorysetup-allocator-temp-initial-block-size-main=262144"
    "memorysetup-allocator-temp-initial-block-size-worker=262144"
    "memorysetup-temp-allocator-size-background-worker=32768"
    "memorysetup-temp-allocator-size-job-worker=262144"
    "memorysetup-temp-allocator-size-preload-manager=33554432"
    "memorysetup-temp-allocator-size-gi-baking-worker=262144"
    "memorysetup-temp-allocator-size-gi-baking-worker=262144"
    "memorysetup-temp-allocator-size-gi-baking-worker=262144"
    "memorysetup-temp-allocator-size-gi-baking-worker=262144"
    "memorysetup-temp-allocator-size-gi-baking-worker=262144"
    "memorysetup-bucket-allocator-granularity=16"
    "memorysetup-bucket-allocator-bucket-count=8"
    "memorysetup-bucket-allocator-block-size=33554432"
    "memorysetup-bucket-allocator-block-count=8"
    "memorysetup-main-allocator-block-size=16777216"
    "memorysetup-thread-allocator-block-size=16777216"
    "memorysetup-gfx-main-allocator-block-size=16777216"
    "memorysetup-gfx-thread-allocator-block-size=16777216"
    "memorysetup-cache-allocator-block-size=4194304"
    "memorysetup-typetree-allocator-block-size=2097152"
    "memorysetup-profiler-bucket-allocator-granularity=16"
    "memorysetup-profiler-bucket-allocator-bucket-count=8"
    "memorysetup-profiler-bucket-allocator-block-size=33554432"
    "memorysetup-profiler-bucket-allocator-block-count=8"
    "memorysetup-profiler-allocator-block-size=16777216"
    "memorysetup-profiler-editor-allocator-block-size=1048576"
    "memorysetup-temp-allocator-size-main=16777216"
    "memorysetup-job-temp-allocator-block-size=2097152"
    "memorysetup-job-temp-allocator-block-size-background=1048576"
    "memorysetup-job-temp-allocator-reduction-small-platforms=262144"
    "memorysetup-temp-allocator-size-cloud-worker=32768"
Player connection [18200]  Target information:

Player connection [18200]  * "[IP] 192.168.100.9 [Port] 0 [Flags] 2 [Guid] 949464516 [EditorId] 949464516 [Version] 1048832 [Id] WindowsEditor(7,Zikry) [Debug] 1 [PackageName] WindowsEditor [ProjectName] Editor" 

Player connection [18200] Host joined multi-casting on [225.0.0.222:54997]...
Player connection [18200] Host joined alternative multi-casting on [225.0.0.222:34997]...
JobSystem: Creating JobQueue using job-worker-count value 5
Input System module state changed to: Initialized.
[Physics::Module] Initialized fallback backend.
[Physics::Module] Id: 0xdecafbad
Library Redirect Path: Library/
[Physics::Module] Selected backend.
[Physics::Module] Name: PhysX
[Physics::Module] Id: 0xf2b8ea05
[Physics::Module] SDK Version: 4.1.2
[Physics::Module] Integration Version: 1.0.0
[Physics::Module] Threading Mode: Multi-Threaded
Refreshing native plugins compatible for Editor in 6.71 ms, found 4 plugins.
Preloading 0 native plugins for Editor in 0.00 ms.
Initialize engine version: 6000.3.0f1 (d1870ce95baf)
[Subsystems] Discovering subsystems at path E:/Unity/6000.3.0f1/Editor/Data/Resources/UnitySubsystems
[Subsystems] Discovering subsystems at path E:/GitHub Cloned Repo/GameAlgoProject/Assets
GfxDevice: creating device client; kGfxThreadingModeNonThreaded
Direct3D:
    Version:  Direct3D 11.0 [level 11.1]
    Renderer: NVIDIA GeForce RTX 2070 SUPER (ID=0x1e84)
    Vendor:   NVIDIA
    VRAM:     7989 MB
    Driver:   32.0.15.9174
Initialize mono
Mono path[0] = 'E:/Unity/6000.3.0f1/Editor/Data/Managed'
Mono path[1] = 'E:/Unity/6000.3.0f1/Editor/Data/MonoBleedingEdge/lib/mono/unityjit-win32'
Mono config path = 'E:/Unity/6000.3.0f1/Editor/Data/MonoBleedingEdge/etc'
Using monoOptions --debugger-agent=transport=dt_socket,embedding=1,server=y,suspend=n,address=127.0.0.1:56500
Begin MonoManager ReloadAssembly
Registering precompiled unity dll's ...
Register platform support module: E:/Unity/6000.3.0f1/Editor/Data/PlaybackEngines/WindowsStandaloneSupport/UnityEditor.WindowsStandalone.Extensions.dll
Registered in 0.002348 seconds.
- Loaded All Assemblies, in  0.675 seconds
[Licensing::Client] Handshaking with LicensingClient:
  Version:                 1.17.4+4293ba1
  Session Id:              493306d81e28418ea66572b67bfb3325
  Correlation Id:          cffe06599fcc8803090355611ba9eb43
  External correlation Id: 5854962878627184526
  Machine Id:              BTXYAMWOmu10jyGMFnwwIGtHKQU=
[Licensing::Module] Successfully connected to LicensingClient on channel: "LicenseClient-M Zikry" (connect: 0.00s, validation: 0.01s, handshake: 1.58s)
[Licensing::IpcConnector] Successfully connected to: "LicenseClient-M Zikry-notifications" at "2026-02-18T10:22:16.1283021Z"
[Licensing::Module] Licensing Background thread has ended after 1.59s
Native extension for WindowsStandalone target not found
Mono: successfully reloaded assembly
- Finished resetting the current domain, in  0.623 seconds
Domain Reload Profiling: 1298ms
	BeginReloadAssembly (264ms)
		ExecutionOrderSort (0ms)
		DisableScriptedObjects (0ms)
		BackupInstance (0ms)
		ReleaseScriptingObjects (0ms)
		CreateAndSetChildDomain (1ms)
	RebuildCommonClasses (74ms)
	RebuildNativeTypeToScriptingClass (17ms)
	initialDomainReloadingComplete (57ms)
	LoadAllAssembliesAndSetupDomain (261ms)
		LoadAssemblies (263ms)
		RebuildTransferFunctionScriptingTraits (0ms)
		AnalyzeDomain (256ms)
			TypeCache.Refresh (254ms)
				TypeCache.ScanAssembly (232ms)
			BuildScriptInfoCaches (0ms)
			ResolveRequiredComponents (1ms)
	FinalizeReload (624ms)
		ReleaseScriptCaches (0ms)
		RebuildScriptCaches (0ms)
		SetupLoadedEditorAssemblies (550ms)
			LogAssemblyErrors (0ms)
			InitializePlatformSupportModulesInManaged (78ms)
			SetLoadedEditorAssemblies (5ms)
			BeforeProcessingInitializeOnLoad (139ms)
			ProcessInitializeOnLoadAttributes (222ms)
			ProcessInitializeOnLoadMethodAttributes (106ms)
			AfterProcessingInitializeOnLoad (0ms)
			EditorAssembliesLoaded (0ms)
		ExecutionOrderSort2 (0ms)
		AwakeInstancesAfterBackupRestoration (0ms)
========================================================================
Worker process is ready to serve import requests
Import Worker Mode flag is 0x00
Begin MonoManager ReloadAssembly
[Licensing::Client] Successfully resolved entitlement details
[Licensing::Module] License group:
  Id: SC-94TA-K8WJ-DDFY-SDRS-XXXX
  Product: Unity Pro
  Type: ULF
  Expiration: 2026-03-25T18:51:37Z
[Licensing::Module] License group:
  Id: 18968259924050-zikryzakwan-UnityProStuXXXX
  Product: Unity Student
  Type: Assigned
  Expiration: 2026-03-19T18:51:37Z
- Loaded All Assemblies, in  2.145 seconds
Refreshing native plugins compatible for Editor in 2.69 ms, found 4 plugins.
Native extension for WindowsStandalone target not found
Package Manager log level set to [2]
[Package Manager] Failed to launch server process. Reason: Unity was launched with the -noUpm command-line argument
[Package Manager] Unable to send message (not connected to server process).
[Package Manager] Cannot connect to Unity Package Manager local server
Mono: successfully reloaded assembly
- Finished resetting the current domain, in  1.385 seconds
Domain Reload Profiling: 3523ms
	BeginReloadAssembly (816ms)
		ExecutionOrderSort (0ms)
		DisableScriptedObjects (9ms)
		BackupInstance (0ms)
		ReleaseScriptingObjects (0ms)
		CreateAndSetChildDomain (58ms)
	RebuildCommonClasses (58ms)
	RebuildNativeTypeToScriptingClass (21ms)
	initialDomainReloadingComplete (53ms)
	LoadAllAssembliesAndSetupDomain (1189ms)
		LoadAssemblies (1454ms)
		RebuildTransferFunctionScriptingTraits (0ms)
		AnalyzeDomain (394ms)
			TypeCache.Refresh (274ms)
				TypeCache.ScanAssembly (252ms)
			BuildScriptInfoCaches (97ms)
			ResolveRequiredComponents (18ms)
	FinalizeReload (1386ms)
		ReleaseScriptCaches (0ms)
		RebuildScriptCaches (0ms)
		SetupLoadedEditorAssemblies (1158ms)
			LogAssemblyErrors (0ms)
			InitializePlatformSupportModulesInManaged (2ms)
			SetLoadedEditorAssemblies (4ms)
			BeforeProcessingInitializeOnLoad (222ms)
			ProcessInitializeOnLoadAttributes (688ms)
			ProcessInitializeOnLoadMethodAttributes (237ms)
			AfterProcessingInitializeOnLoad (4ms)
			EditorAssembliesLoaded (1ms)
		ExecutionOrderSort2 (0ms)
		AwakeInstancesAfterBackupRestoration (19ms)
Launched and connected shader compiler UnityShaderCompiler.exe after 0.08 seconds
Refreshing native plugins compatible for Editor in 2.40 ms, found 4 plugins.
Preloading 0 native plugins for Editor in 0.00 ms.
Unloading 16 Unused Serialized files (Serialized files now loaded: 0)
Unloading 6881 unused Assets / (4.8 MB). Loaded Objects now: 7698.
Memory consumption went from 153.9 MB to 149.1 MB.
Total: 12.978000 ms (FindLiveObjects: 1.365900 ms CreateObjectMapping: 0.455500 ms MarkObjects: 7.919000 ms  DeleteObjects: 3.235100 ms)

========================================================================
Received Prepare
Begin MonoManager ReloadAssembly
- Loaded All Assemblies, in  1.283 seconds
Refreshing native plugins compatible for Editor in 2.38 ms, found 4 plugins.
Assertion failed on expression: 'pred(*previous, *i)'
Assertion failed on expression: 'pred(*previous, *i)'
Assertion failed on expression: 'pred(*previous, *i)'
Assertion failed on expression: 'pred(*previous, *i)'
Assertion failed on expression: 'pred(*previous, *i)'
Assertion failed on expression: 'pred(*previous, *i)'
Assertion failed on expression: 'pred(*previous, *i)'
Assertion failed on expression: 'pred(*previous, *i)'
Assertion failed on expression: 'pred(*previous, *i)'
Assertion failed on expression: 'pred(*previous, *i)'
Native extension for WindowsStandalone target not found
[Package Manager] Failed to launch server process. Reason: Unity was launched with the -noUpm command-line argument
[Package Manager] Unable to send message (not connected to server process).
[Package Manager] Cannot connect to Unity Package Manager local server
Mono: successfully reloaded assembly
- Finished resetting the current domain, in  1.389 seconds
Domain Reload Profiling: 2675ms
	BeginReloadAssembly (438ms)
		ExecutionOrderSort (0ms)
		DisableScriptedObjects (25ms)
		BackupInstance (0ms)
		ReleaseScriptingObjects (0ms)
		CreateAndSetChildDomain (97ms)
	RebuildCommonClasses (65ms)
	RebuildNativeTypeToScriptingClass (25ms)
	initialDomainReloadingComplete (38ms)
	LoadAllAssembliesAndSetupDomain (720ms)
		LoadAssemblies (671ms)
		RebuildTransferFunctionScriptingTraits (0ms)
		AnalyzeDomain (289ms)
			TypeCache.Refresh (14ms)
				TypeCache.ScanAssembly (0ms)
			BuildScriptInfoCaches (255ms)
			ResolveRequiredComponents (15ms)
	FinalizeReload (1390ms)
		ReleaseScriptCaches (0ms)
		RebuildScriptCaches (0ms)
		SetupLoadedEditorAssemblies (1135ms)
			LogAssemblyErrors (0ms)
			InitializePlatformSupportModulesInManaged (2ms)
			SetLoadedEditorAssemblies (7ms)
			BeforeProcessingInitializeOnLoad (284ms)
			ProcessInitializeOnLoadAttributes (711ms)
			ProcessInitializeOnLoadMethodAttributes (126ms)
			AfterProcessingInitializeOnLoad (4ms)
			EditorAssembliesLoaded (0ms)
		ExecutionOrderSort2 (0ms)
		AwakeInstancesAfterBackupRestoration (26ms)
Refreshing native plugins compatible for Editor in 3.37 ms, found 4 plugins.
Preloading 0 native plugins for Editor in 0.00 ms.
Unloading 16 Unused Serialized files (Serialized files now loaded: 0)
Unloading 6879 unused Assets / (4.7 MB). Loaded Objects now: 7702.
Memory consumption went from 154.8 MB to 150.1 MB.
Total: 19.132500 ms (FindLiveObjects: 1.314400 ms CreateObjectMapping: 0.681600 ms MarkObjects: 9.903100 ms  DeleteObjects: 7.231600 ms)

Prepare: number of updated asset objects reloaded= 0
========================================================================
Received Import Request.
  Time since last request: 14650.283800 seconds.
  path: Assets/Prefab
  artifactKey: Guid(86d529a2ab29bcd45ab0733f0de3ffeb) Importer(815301076,1909f56bfc062723c751e8b465ee728b)
Start importing Assets/Prefab using Guid(86d529a2ab29bcd45ab0733f0de3ffeb) Importer(815301076,1909f56bfc062723c751e8b465ee728b) (PreviewImporter) -> (artifact id: 'ec9c9d79b60f62a040ef925700ec0e2c') in 0.0149535 seconds
Number of updated asset objects reloaded before import = 0Number of asset objects unloaded after import = 0

========================================================================
Received Import Request.
  Time since last request: 0.854194 seconds.
  path: Assets/Prefab
  artifactKey: Guid(86d529a2ab29bcd45ab0733f0de3ffeb) Importer(2089858483,b0f066a214c2f5e87bad3c948f4d605d)
Start importing Assets/Prefab using Guid(86d529a2ab29bcd45ab0733f0de3ffeb) Importer(2089858483,b0f066a214c2f5e87bad3c948f4d605d) (ScriptedImporter) -> (artifact id: 'd3c2dfd7429b9162ce2a2079daf0c051') in 0.0525628 seconds
Number of updated asset objects reloaded before import = 0Number of asset objects unloaded after import = 1

========================================================================
Received Import Request.
  Time since last request: 25.392592 seconds.
  path: Assets/Prefab/Sprite.png
  artifactKey: Guid(c222165c4947adf4488f97fbac22ab9a) Importer(815301076,1909f56bfc062723c751e8b465ee728b)
Start importing Assets/Prefab/Sprite.png using Guid(c222165c4947adf4488f97fbac22ab9a) Importer(815301076,1909f56bfc062723c751e8b465ee728b) (PreviewImporter) -> (artifact id: '58d7099e26b73f4fe382ebcb4253e9b7') in 0.1958993 seconds
Number of updated asset objects reloaded before import = 0Number of asset objects unloaded after import = 3

========================================================================
Received Import Request.
  Time since last request: 0.665708 seconds.
  path: Assets/Prefab/Sprite.png
  artifactKey: Guid(c222165c4947adf4488f97fbac22ab9a) Importer(2089858483,b0f066a214c2f5e87bad3c948f4d605d)
Start importing Assets/Prefab/Sprite.png using Guid(c222165c4947adf4488f97fbac22ab9a) Importer(2089858483,b0f066a214c2f5e87bad3c948f4d605d) (ScriptedImporter) -> (artifact id: 'ca5cc3901fdac6b5185951c92b58c37f') in 0.0966315 seconds
Number of updated asset objects reloaded before import = 0Number of asset objects unloaded after import = 3

========================================================================
Received Import Request.
  Time since last request: 36.536192 seconds.
  path: Assets/Prefab/Tile.prefab
  artifactKey: Guid(92e26ef1e0592d949963bd8e1d404dee) Importer(815301076,1909f56bfc062723c751e8b465ee728b)
Start importing Assets/Prefab/Tile.prefab using Guid(92e26ef1e0592d949963bd8e1d404dee) Importer(815301076,1909f56bfc062723c751e8b465ee728b) (PreviewImporter) -> (artifact id: 'c8815c0fc46d41b11bd16d4bb17c3666') in 0.5453354 seconds
Number of updated asset objects reloaded before import = 0Number of asset objects unloaded after import = 10

========================================================================
Received Import Request.
  Time since last request: 0.233036 seconds.
  path: Assets/Prefab/Tile.prefab
  artifactKey: Guid(92e26ef1e0592d949963bd8e1d404dee) Importer(2089858483,b0f066a214c2f5e87bad3c948f4d605d)
Start importing Assets/Prefab/Tile.prefab using Guid(92e26ef1e0592d949963bd8e1d404dee) Importer(2089858483,b0f066a214c2f5e87bad3c948f4d605d) (ScriptedImporter) -> (artifact id: 'dc0e19dc74ae6cff4284aee55493fcbc') in 0.0447032 seconds
Number of updated asset objects reloaded before import = 0Number of asset objects unloaded after import = 10

========================================================================
Received Import Request.
  Time since last request: 1.949752 seconds.
  path: Assets/Prefab/Tile.prefab
  artifactKey: Guid(92e26ef1e0592d949963bd8e1d404dee) Importer(815301076,1909f56bfc062723c751e8b465ee728b)
Start importing Assets/Prefab/Tile.prefab using Guid(92e26ef1e0592d949963bd8e1d404dee) Importer(815301076,1909f56bfc062723c751e8b465ee728b) (PreviewImporter) -> (artifact id: '5cdba5d144d005be92e6b07e013d91d1') in 0.002424 seconds
Number of updated asset objects reloaded before import = 0Number of asset objects unloaded after import = 8

========================================================================
Received Import Request.
  Time since last request: 4.008449 seconds.
  path: Assets/Scenes/SampleScene.unity
  artifactKey: Guid(8c9cfa26abfee488c85f1582747f6a02) Importer(2089858483,b0f066a214c2f5e87bad3c948f4d605d)
Start importing Assets/Scenes/SampleScene.unity using Guid(8c9cfa26abfee488c85f1582747f6a02) Importer(2089858483,b0f066a214c2f5e87bad3c948f4d605d) (ScriptedImporter) -> (artifact id: '2cb1f46413321f9ea977625f73f5fd88') in 0.0065517 seconds
Number of updated asset objects reloaded before import = 0Number of asset objects unloaded after import = 1

========================================================================
Received Import Request.
  Time since last request: 38.332782 seconds.
  path: Assets/Scenes/SampleScene.unity
  artifactKey: Guid(8c9cfa26abfee488c85f1582747f6a02) Importer(2089858483,b0f066a214c2f5e87bad3c948f4d605d)
Start importing Assets/Scenes/SampleScene.unity using Guid(8c9cfa26abfee488c85f1582747f6a02) Importer(2089858483,b0f066a214c2f5e87bad3c948f4d605d) (ScriptedImporter) -> (artifact id: '4e333824eeebebdfa9e6aeb3dc01d0bd') in 0.0058394 seconds
Number of updated asset objects reloaded before import = 0Number of asset objects unloaded after import = 1

========================================================================
Received Prepare
Begin MonoManager ReloadAssembly
[Licensing::Client] Successfully resolved entitlement details
[Licensing::Module] License group:
  Id: SC-94TA-K8WJ-DDFY-SDRS-XXXX
  Product: Unity Pro
  Type: ULF
  Expiration: 2026-03-25T18:51:37Z
[Licensing::Module] License group:
  Id: 18968259924050-zikryzakwan-UnityProStuXXXX
  Product: Unity Student
  Type: Assigned
  Expiration: 2026-03-19T18:51:37Z
- Loaded All Assemblies, in  1.101 seconds
Refreshing native plugins compatible for Editor in 2.39 ms, found 4 plugins.
Assertion failed on expression: 'pred(*previous, *i)'
Assertion failed on expression: 'pred(*previous, *i)'
Assertion failed on expression: 'pred(*previous, *i)'
Assertion failed on expression: 'pred(*previous, *i)'
Assertion failed on expression: 'pred(*previous, *i)'
Assertion failed on expression: 'pred(*previous, *i)'
Assertion failed on expression: 'pred(*previous, *i)'
Assertion failed on expression: 'pred(*previous, *i)'
Assertion failed on expression: 'pred(*previous, *i)'
Assertion failed on expression: 'pred(*previous, *i)'
Native extension for WindowsStandalone target not found
[Package Manager] Failed to launch server process. Reason: Unity was launched with the -noUpm command-line argument
[Package Manager] Unable to send message (not connected to server process).
[Package Manager] Cannot connect to Unity Package Manager local server
Mono: successfully reloaded assembly
- Finished resetting the current domain, in  1.220 seconds
Domain Reload Profiling: 2325ms
	BeginReloadAssembly (385ms)
		ExecutionOrderSort (0ms)
		DisableScriptedObjects (33ms)
		BackupInstance (0ms)
		ReleaseScriptingObjects (0ms)
		CreateAndSetChildDomain (91ms)
	RebuildCommonClasses (58ms)
	RebuildNativeTypeToScriptingClass (19ms)
	initialDomainReloadingComplete (38ms)
	LoadAllAssembliesAndSetupDomain (604ms)
		LoadAssemblies (538ms)
		RebuildTransferFunctionScriptingTraits (0ms)
		AnalyzeDomain (254ms)
			TypeCache.Refresh (8ms)
				TypeCache.ScanAssembly (0ms)
			BuildScriptInfoCaches (228ms)
			ResolveRequiredComponents (12ms)
	FinalizeReload (1221ms)
		ReleaseScriptCaches (0ms)
		RebuildScriptCaches (0ms)
		SetupLoadedEditorAssemblies (992ms)
			LogAssemblyErrors (0ms)
			InitializePlatformSupportModulesInManaged (2ms)
			SetLoadedEditorAssemblies (9ms)
			BeforeProcessingInitializeOnLoad (201ms)
			ProcessInitializeOnLoadAttributes (636ms)
			ProcessInitializeOnLoadMethodAttributes (132ms)
			AfterProcessingInitializeOnLoad (11ms)
			EditorAssembliesLoaded (1ms)
		ExecutionOrderSort2 (0ms)
		AwakeInstancesAfterBackupRestoration (37ms)
Refreshing native plugins compatible for Editor in 2.91 ms, found 4 plugins.
Preloading 0 native plugins for Editor in 0.00 ms.
Unloading 16 Unused Serialized files (Serialized files now loaded: 0)
Unloading 6879 unused Assets / (4.4 MB). Loaded Objects now: 7738.
Memory consumption went from 157.0 MB to 152.6 MB.
Total: 12.964500 ms (FindLiveObjects: 1.420500 ms CreateObjectMapping: 0.948200 ms MarkObjects: 7.539200 ms  DeleteObjects: 3.054200 ms)

Prepare: number of updated asset objects reloaded= 0
========================================================================
Received Prepare
Begin MonoManager ReloadAssembly
- Loaded All Assemblies, in  1.046 seconds
Refreshing native plugins compatible for Editor in 2.77 ms, found 4 plugins.
Assertion failed on expression: 'pred(*previous, *i)'
Assertion failed on expression: 'pred(*previous, *i)'
Assertion failed on expression: 'pred(*previous, *i)'
Assertion failed on expression: 'pred(*previous, *i)'
Assertion failed on expression: 'pred(*previous, *i)'
Assertion failed on expression: 'pred(*previous, *i)'
Assertion failed on expression: 'pred(*previous, *i)'
Assertion failed on expression: 'pred(*previous, *i)'
Assertion failed on expression: 'pred(*previous, *i)'
Assertion failed on expression: 'pred(*previous, *i)'
Native extension for WindowsStandalone target not found
[Package Manager] Failed to launch server process. Reason: Unity was launched with the -noUpm command-line argument
[Package Manager] Unable to send message (not connected to server process).
[Package Manager] Cannot connect to Unity Package Manager local server
Mono: successfully reloaded assembly
- Finished resetting the current domain, in  1.128 seconds
Domain Reload Profiling: 2178ms
	BeginReloadAssembly (355ms)
		ExecutionOrderSort (0ms)
		DisableScriptedObjects (23ms)
		BackupInstance (0ms)
		ReleaseScriptingObjects (0ms)
		CreateAndSetChildDomain (70ms)
	RebuildCommonClasses (51ms)
	RebuildNativeTypeToScriptingClass (20ms)
	initialDomainReloadingComplete (32ms)
	LoadAllAssembliesAndSetupDomain (591ms)
		LoadAssemblies (541ms)
		RebuildTransferFunctionScriptingTraits (0ms)
		AnalyzeDomain (247ms)
			TypeCache.Refresh (9ms)
				TypeCache.ScanAssembly (0ms)
			BuildScriptInfoCaches (220ms)
			ResolveRequiredComponents (13ms)
	FinalizeReload (1129ms)
		ReleaseScriptCaches (0ms)
		RebuildScriptCaches (0ms)
		SetupLoadedEditorAssemblies (923ms)
			LogAssemblyErrors (0ms)
			InitializePlatformSupportModulesInManaged (2ms)
			SetLoadedEditorAssemblies (4ms)
			BeforeProcessingInitializeOnLoad (193ms)
			ProcessInitializeOnLoadAttributes (625ms)
			ProcessInitializeOnLoadMethodAttributes (96ms)
			AfterProcessingInitializeOnLoad (3ms)
			EditorAssembliesLoaded (0ms)
		ExecutionOrderSort2 (0ms)
		AwakeInstancesAfterBackupRestoration (25ms)
Refreshing native plugins compatible for Editor in 2.31 ms, found 4 plugins.
Preloading 0 native plugins for Editor in 0.00 ms.
Unloading 16 Unused Serialized files (Serialized files now loaded: 0)
Unloading 6879 unused Assets / (4.7 MB). Loaded Objects now: 7741.
Memory consumption went from 156.9 MB to 152.3 MB.
Total: 15.764400 ms (FindLiveObjects: 1.479800 ms CreateObjectMapping: 1.414200 ms MarkObjects: 8.974200 ms  DeleteObjects: 3.894200 ms)

Prepare: number of updated asset objects reloaded= 0
========================================================================
Received Prepare
Begin MonoManager ReloadAssembly
- Loaded All Assemblies, in  1.027 seconds
Refreshing native plugins compatible for Editor in 2.53 ms, found 4 plugins.
Assertion failed on expression: 'pred(*previous, *i)'
Assertion failed on expression: 'pred(*previous, *i)'
Assertion failed on expression: 'pred(*previous, *i)'
Assertion failed on expression: 'pred(*previous, *i)'
Assertion failed on expression: 'pred(*previous, *i)'
Assertion failed on expression: 'pred(*previous, *i)'
Assertion failed on expression: 'pred(*previous, *i)'
Assertion failed on expression: 'pred(*previous, *i)'
Assertion failed on expression: 'pred(*previous, *i)'
Assertion failed on expression: 'pred(*previous, *i)'
Native extension for WindowsStandalone target not found
[Package Manager] Failed to launch server process. Reason: Unity was launched with the -noUpm command-line argument
[Package Manager] Unable to send message (not connected to server process).
[Package Manager] Cannot connect to Unity Package Manager local server
Mono: successfully reloaded assembly
- Finished resetting the current domain, in  1.240 seconds
Domain Reload Profiling: 2271ms
	BeginReloadAssembly (347ms)
		ExecutionOrderSort (0ms)
		DisableScriptedObjects (23ms)
		BackupInstance (0ms)
		ReleaseScriptingObjects (0ms)
		CreateAndSetChildDomain (68ms)
	RebuildCommonClasses (51ms)
	RebuildNativeTypeToScriptingClass (17ms)
	initialDomainReloadingComplete (32ms)
	LoadAllAssembliesAndSetupDomain (583ms)
		LoadAssemblies (527ms)
		RebuildTransferFunctionScriptingTraits (0ms)
		AnalyzeDomain (245ms)
			TypeCache.Refresh (9ms)
				TypeCache.ScanAssembly (0ms)
			BuildScriptInfoCaches (218ms)
			ResolveRequiredComponents (13ms)
	FinalizeReload (1241ms)
		ReleaseScriptCaches (0ms)
		RebuildScriptCaches (0ms)
		SetupLoadedEditorAssemblies (1033ms)
			LogAssemblyErrors (0ms)
			InitializePlatformSupportModulesInManaged (2ms)
			SetLoadedEditorAssemblies (7ms)
			BeforeProcessingInitializeOnLoad (224ms)
			ProcessInitializeOnLoadAttributes (684ms)
			ProcessInitializeOnLoadMethodAttributes (112ms)
			AfterProcessingInitializeOnLoad (4ms)
			EditorAssembliesLoaded (1ms)
		ExecutionOrderSort2 (0ms)
		AwakeInstancesAfterBackupRestoration (27ms)
Refreshing native plugins compatible for Editor in 2.76 ms, found 4 plugins.
Preloading 0 native plugins for Editor in 0.00 ms.
Unloading 16 Unused Serialized files (Serialized files now loaded: 0)
Unloading 6879 unused Assets / (4.9 MB). Loaded Objects now: 7744.
Memory consumption went from 157.0 MB to 152.1 MB.
Total: 16.187000 ms (FindLiveObjects: 1.390100 ms CreateObjectMapping: 0.519400 ms MarkObjects: 10.193100 ms  DeleteObjects: 4.082500 ms)

Prepare: number of updated asset objects reloaded= 0
========================================================================
Received Import Request.
  Time since last request: 228.499314 seconds.
  path: Assets/Scenes/SampleScene.unity
  artifactKey: Guid(8c9cfa26abfee488c85f1582747f6a02) Importer(2089858483,b0f066a214c2f5e87bad3c948f4d605d)
Start importing Assets/Scenes/SampleScene.unity using Guid(8c9cfa26abfee488c85f1582747f6a02) Importer(2089858483,b0f066a214c2f5e87bad3c948f4d605d) (ScriptedImporter) -> (artifact id: '69d78bc1f403dfcf62f1a04ee3912a39') in 0.081244 seconds
Number of updated asset objects reloaded before import = 0Number of asset objects unloaded after import = 1

========================================================================
Received Import Request.
  Time since last request: 0.514693 seconds.
  path: Assets/Prefab/Square.png
  artifactKey: Guid(13f4d758426283544a5942fcd5fe59f9) Importer(815301076,1909f56bfc062723c751e8b465ee728b)
Start importing Assets/Prefab/Square.png using Guid(13f4d758426283544a5942fcd5fe59f9) Importer(815301076,1909f56bfc062723c751e8b465ee728b) (PreviewImporter) -> (artifact id: 'c4b7ca79bb0f61821a8c4f016b687c13') in 0.0990906 seconds
Number of updated asset objects reloaded before import = 0Number of asset objects unloaded after import = 3

========================================================================
Received Import Request.
  Time since last request: 0.782481 seconds.
  path: Assets/Prefab/Square.png
  artifactKey: Guid(13f4d758426283544a5942fcd5fe59f9) Importer(2089858483,b0f066a214c2f5e87bad3c948f4d605d)
Start importing Assets/Prefab/Square.png using Guid(13f4d758426283544a5942fcd5fe59f9) Importer(2089858483,b0f066a214c2f5e87bad3c948f4d605d) (ScriptedImporter) -> (artifact id: '1c202d46419167fe7753b31374e439c3') in 0.0939017 seconds
Number of updated asset objects reloaded before import = 0Number of asset objects unloaded after import = 3

========================================================================
Received Import Request.
  Time since last request: 2.677823 seconds.
  path: Assets/Prefab/Tile.prefab
  artifactKey: Guid(92e26ef1e0592d949963bd8e1d404dee) Importer(815301076,1909f56bfc062723c751e8b465ee728b)
Start importing Assets/Prefab/Tile.prefab using Guid(92e26ef1e0592d949963bd8e1d404dee) Importer(815301076,1909f56bfc062723c751e8b465ee728b) (PreviewImporter) -> (artifact id: 'ce69e0a026092c35a76ac53756acab37') in 0.0096854 seconds
Number of updated asset objects reloaded before import = 0Number of asset objects unloaded after import = 8

========================================================================
Received Import Request.
  Time since last request: 0.792519 seconds.
  path: Assets/Prefab/Tile.prefab
  artifactKey: Guid(92e26ef1e0592d949963bd8e1d404dee) Importer(815301076,1909f56bfc062723c751e8b465ee728b)
Start importing Assets/Prefab/Tile.prefab using Guid(92e26ef1e0592d949963bd8e1d404dee) Importer(815301076,1909f56bfc062723c751e8b465ee728b) (PreviewImporter) -> (artifact id: '259422c7e57ef53e9bc385a54a95f6d3') in 0.4112277 seconds
Number of updated asset objects reloaded before import = 0Number of asset objects unloaded after import = 10

========================================================================
Received Import Request.
  Time since last request: 0.501480 seconds.
  path: Assets/Prefab/Tile.prefab
  artifactKey: Guid(92e26ef1e0592d949963bd8e1d404dee) Importer(2089858483,b0f066a214c2f5e87bad3c948f4d605d)
Start importing Assets/Prefab/Tile.prefab using Guid(92e26ef1e0592d949963bd8e1d404dee) Importer(2089858483,b0f066a214c2f5e87bad3c948f4d605d) (ScriptedImporter) -> (artifact id: 'f0787a8f3e534cedbf3f025d67410b5d') in 0.0370013 seconds
Number of updated asset objects reloaded before import = 0Number of asset objects unloaded after import = 10

========================================================================
Received Import Request.
  Time since last request: 2.061511 seconds.
  path: Assets/Prefab/Tile.prefab
  artifactKey: Guid(92e26ef1e0592d949963bd8e1d404dee) Importer(815301076,1909f56bfc062723c751e8b465ee728b)
Start importing Assets/Prefab/Tile.prefab using Guid(92e26ef1e0592d949963bd8e1d404dee) Importer(815301076,1909f56bfc062723c751e8b465ee728b) (PreviewImporter) -> (artifact id: '4ac974db059052b70d97bd017075fa3f') in 0.002189 seconds
Number of updated asset objects reloaded before import = 0Number of asset objects unloaded after import = 8

========================================================================
Received Import Request.
  Time since last request: 11.847876 seconds.
  path: Assets/Prefab/Tile.prefab
  artifactKey: Guid(92e26ef1e0592d949963bd8e1d404dee) Importer(815301076,1909f56bfc062723c751e8b465ee728b)
Start importing Assets/Prefab/Tile.prefab using Guid(92e26ef1e0592d949963bd8e1d404dee) Importer(815301076,1909f56bfc062723c751e8b465ee728b) (PreviewImporter) -> (artifact id: 'b7e6a61a2ee9e8b59bdc544086269fbc') in 0.0331966 seconds
Number of updated asset objects reloaded before import = 0Number of asset objects unloaded after import = 8

========================================================================
Received Import Request.
  Time since last request: 0.875452 seconds.
  path: Assets/Prefab/Tile.prefab
  artifactKey: Guid(92e26ef1e0592d949963bd8e1d404dee) Importer(2089858483,b0f066a214c2f5e87bad3c948f4d605d)
Start importing Assets/Prefab/Tile.prefab using Guid(92e26ef1e0592d949963bd8e1d404dee) Importer(2089858483,b0f066a214c2f5e87bad3c948f4d605d) (ScriptedImporter) -> (artifact id: '9b1f1bd59f6edad2e73ced3aec457c38') in 0.0073903 seconds
Number of updated asset objects reloaded before import = 0Number of asset objects unloaded after import = 8

========================================================================
Received Import Request.
  Time since last request: 3.574928 seconds.
  path: Assets/Prefab/Tile.prefab
  artifactKey: Guid(92e26ef1e0592d949963bd8e1d404dee) Importer(815301076,1909f56bfc062723c751e8b465ee728b)
Start importing Assets/Prefab/Tile.prefab using Guid(92e26ef1e0592d949963bd8e1d404dee) Importer(815301076,1909f56bfc062723c751e8b465ee728b) (PreviewImporter) -> (artifact id: '314f3fe1f4325e8fd08d0e7322aa8793') in 0.0105905 seconds
Number of updated asset objects reloaded before import = 0Number of asset objects unloaded after import = 8

========================================================================
Received Import Request.
  Time since last request: 0.901660 seconds.
  path: Assets/Prefab/Tile.prefab
  artifactKey: Guid(92e26ef1e0592d949963bd8e1d404dee) Importer(2089858483,b0f066a214c2f5e87bad3c948f4d605d)
Start importing Assets/Prefab/Tile.prefab using Guid(92e26ef1e0592d949963bd8e1d404dee) Importer(2089858483,b0f066a214c2f5e87bad3c948f4d605d) (ScriptedImporter) -> (artifact id: 'a4bad756ac563f3710314cdfb5a436fe') in 0.0067234 seconds
Number of updated asset objects reloaded before import = 0Number of asset objects unloaded after import = 8

========================================================================
Received Import Request.
  Time since last request: 0.167963 seconds.
  path: Assets/Prefab/Tile.prefab
  artifactKey: Guid(92e26ef1e0592d949963bd8e1d404dee) Importer(815301076,1909f56bfc062723c751e8b465ee728b)
Start importing Assets/Prefab/Tile.prefab using Guid(92e26ef1e0592d949963bd8e1d404dee) Importer(815301076,1909f56bfc062723c751e8b465ee728b) (PreviewImporter) -> (artifact id: 'c6cc9bacdc45c7f4ba338c071f7a9ad1') in 0.0106434 seconds
Number of updated asset objects reloaded before import = 0Number of asset objects unloaded after import = 8

========================================================================
Received Import Request.
  Time since last request: 0.795293 seconds.
  path: Assets/Prefab/Tile.prefab
  artifactKey: Guid(92e26ef1e0592d949963bd8e1d404dee) Importer(815301076,1909f56bfc062723c751e8b465ee728b)
Start importing Assets/Prefab/Tile.prefab using Guid(92e26ef1e0592d949963bd8e1d404dee) Importer(815301076,1909f56bfc062723c751e8b465ee728b) (PreviewImporter) -> (artifact id: 'fdd706895150a2f61678b89c4a5da857') in 0.041975 seconds
Number of updated asset objects reloaded before import = 0Number of asset objects unloaded after import = 8

========================================================================
Received Import Request.
  Time since last request: 7.888579 seconds.
  path: Assets/Prefab/Tile.prefab
  artifactKey: Guid(92e26ef1e0592d949963bd8e1d404dee) Importer(815301076,1909f56bfc062723c751e8b465ee728b)
Start importing Assets/Prefab/Tile.prefab using Guid(92e26ef1e0592d949963bd8e1d404dee) Importer(815301076,1909f56bfc062723c751e8b465ee728b) (PreviewImporter) -> (artifact id: '34f0472f830cb977b30a7577e128877e') in 0.0097991 seconds
Number of updated asset objects reloaded before import = 0Number of asset objects unloaded after import = 13

========================================================================
Received Import Request.
  Time since last request: 0.859652 seconds.
  path: Assets/Prefab/Tile.prefab
  artifactKey: Guid(92e26ef1e0592d949963bd8e1d404dee) Importer(2089858483,b0f066a214c2f5e87bad3c948f4d605d)
Start importing Assets/Prefab/Tile.prefab using Guid(92e26ef1e0592d949963bd8e1d404dee) Importer(2089858483,b0f066a214c2f5e87bad3c948f4d605d) (ScriptedImporter) -> (artifact id: 'd3b19c15c57cf4e4c84fe0fd842042b4') in 0.0076645 seconds
Number of updated asset objects reloaded before import = 0Number of asset objects unloaded after import = 13

========================================================================
Received Import Request.
  Time since last request: 4.923497 seconds.
  path: Assets/Prefab/Tile.prefab
  artifactKey: Guid(92e26ef1e0592d949963bd8e1d404dee) Importer(815301076,1909f56bfc062723c751e8b465ee728b)
Start importing Assets/Prefab/Tile.prefab using Guid(92e26ef1e0592d949963bd8e1d404dee) Importer(815301076,1909f56bfc062723c751e8b465ee728b) (PreviewImporter) -> (artifact id: 'a694f64cfb235e8dcc323553b25a18cc') in 0.0081003 seconds
Number of updated asset objects reloaded before import = 0Number of asset objects unloaded after import = 13

========================================================================
Received Import Request.
  Time since last request: 0.907807 seconds.
  path: Assets/Prefab/Tile.prefab
  artifactKey: Guid(92e26ef1e0592d949963bd8e1d404dee) Importer(2089858483,b0f066a214c2f5e87bad3c948f4d605d)
Start importing Assets/Prefab/Tile.prefab using Guid(92e26ef1e0592d949963bd8e1d404dee) Importer(2089858483,b0f066a214c2f5e87bad3c948f4d605d) (ScriptedImporter) -> (artifact id: 'a176f84708b4653aaba436e6e0acfdd4') in 0.0085442 seconds
Number of updated asset objects reloaded before import = 0Number of asset objects unloaded after import = 13

========================================================================
Received Import Request.
  Time since last request: 1.166198 seconds.
  path: Assets/Prefab/Tile.prefab
  artifactKey: Guid(92e26ef1e0592d949963bd8e1d404dee) Importer(815301076,1909f56bfc062723c751e8b465ee728b)
Start importing Assets/Prefab/Tile.prefab using Guid(92e26ef1e0592d949963bd8e1d404dee) Importer(815301076,1909f56bfc062723c751e8b465ee728b) (PreviewImporter) -> (artifact id: '7215dad4657ec322ce2d42b59be1d11f') in 0.010919 seconds
Number of updated asset objects reloaded before import = 0Number of asset objects unloaded after import = 10

========================================================================
Received Import Request.
  Time since last request: 0.895886 seconds.
  path: Assets/Prefab/Tile.prefab
  artifactKey: Guid(92e26ef1e0592d949963bd8e1d404dee) Importer(2089858483,b0f066a214c2f5e87bad3c948f4d605d)
Start importing Assets/Prefab/Tile.prefab using Guid(92e26ef1e0592d949963bd8e1d404dee) Importer(2089858483,b0f066a214c2f5e87bad3c948f4d605d) (ScriptedImporter) -> (artifact id: '406edbb6a8fcfe398d5af810712b92f0') in 0.0076308 seconds
Number of updated asset objects reloaded before import = 0Number of asset objects unloaded after import = 10

========================================================================
Received Import Request.
  Time since last request: 4.912704 seconds.
  path: Assets/Prefab/Tile.prefab
  artifactKey: Guid(92e26ef1e0592d949963bd8e1d404dee) Importer(815301076,1909f56bfc062723c751e8b465ee728b)
Start importing Assets/Prefab/Tile.prefab using Guid(92e26ef1e0592d949963bd8e1d404dee) Importer(815301076,1909f56bfc062723c751e8b465ee728b) (PreviewImporter) -> (artifact id: '0cbe15feeb057bb05bed8c1e1c05951c') in 0.007309 seconds
Number of updated asset objects reloaded before import = 0Number of asset objects unloaded after import = 10

========================================================================
Received Import Request.
  Time since last request: 0.821784 seconds.
  path: Assets/Prefab/Tile.prefab
  artifactKey: Guid(92e26ef1e0592d949963bd8e1d404dee) Importer(2089858483,b0f066a214c2f5e87bad3c948f4d605d)
Start importing Assets/Prefab/Tile.prefab using Guid(92e26ef1e0592d949963bd8e1d404dee) Importer(2089858483,b0f066a214c2f5e87bad3c948f4d605d) (ScriptedImporter) -> (artifact id: 'cb5365cf512f5bbd2488aaaefd83669f') in 0.0081517 seconds
Number of updated asset objects reloaded before import = 0Number of asset objects unloaded after import = 10

========================================================================
Received Prepare
Begin MonoManager ReloadAssembly
[Licensing::Client] Successfully resolved entitlement details
[Licensing::Module] License group:
  Id: SC-94TA-K8WJ-DDFY-SDRS-XXXX
  Product: Unity Pro
  Type: ULF
  Expiration: 2026-03-25T18:51:37Z
[Licensing::Module] License group:
  Id: 18968259924050-zikryzakwan-UnityProStuXXXX
  Product: Unity Student
  Type: Assigned
  Expiration: 2026-03-19T18:51:37Z
- Loaded All Assemblies, in  1.096 seconds
Refreshing native plugins compatible for Editor in 3.30 ms, found 4 plugins.
Assertion failed on expression: 'pred(*previous, *i)'
Assertion failed on expression: 'pred(*previous, *i)'
Assertion failed on expression: 'pred(*previous, *i)'
Assertion failed on expression: 'pred(*previous, *i)'
Assertion failed on expression: 'pred(*previous, *i)'
Assertion failed on expression: 'pred(*previous, *i)'
Assertion failed on expression: 'pred(*previous, *i)'
Assertion failed on expression: 'pred(*previous, *i)'
Assertion failed on expression: 'pred(*previous, *i)'
Assertion failed on expression: 'pred(*previous, *i)'
Native extension for WindowsStandalone target not found
[Package Manager] Failed to launch server process. Reason: Unity was launched with the -noUpm command-line argument
[Package Manager] Unable to send message (not connected to server process).
[Package Manager] Cannot connect to Unity Package Manager local server
Mono: successfully reloaded assembly
- Finished resetting the current domain, in  1.319 seconds
Domain Reload Profiling: 2417ms
	BeginReloadAssembly (391ms)
		ExecutionOrderSort (0ms)
		DisableScriptedObjects (45ms)
		BackupInstance (0ms)
		ReleaseScriptingObjects (0ms)
		CreateAndSetChildDomain (84ms)
	RebuildCommonClasses (50ms)
	RebuildNativeTypeToScriptingClass (23ms)
	initialDomainReloadingComplete (34ms)
	LoadAllAssembliesAndSetupDomain (599ms)
		LoadAssemblies (528ms)
		RebuildTransferFunctionScriptingTraits (0ms)
		AnalyzeDomain (256ms)
			TypeCache.Refresh (8ms)
				TypeCache.ScanAssembly (0ms)
			BuildScriptInfoCaches (230ms)
			ResolveRequiredComponents (13ms)
	FinalizeReload (1319ms)
		ReleaseScriptCaches (0ms)
		RebuildScriptCaches (0ms)
		SetupLoadedEditorAssemblies (1073ms)
			LogAssemblyErrors (0ms)
			InitializePlatformSupportModulesInManaged (3ms)
			SetLoadedEditorAssemblies (8ms)
			BeforeProcessingInitializeOnLoad (231ms)
			ProcessInitializeOnLoadAttributes (719ms)
			ProcessInitializeOnLoadMethodAttributes (109ms)
			AfterProcessingInitializeOnLoad (3ms)
			EditorAssembliesLoaded (0ms)
		ExecutionOrderSort2 (0ms)
		AwakeInstancesAfterBackupRestoration (28ms)
Refreshing native plugins compatible for Editor in 3.21 ms, found 4 plugins.
Preloading 0 native plugins for Editor in 0.00 ms.
Unloading 16 Unused Serialized files (Serialized files now loaded: 0)
Unloading 6887 unused Assets / (4.3 MB). Loaded Objects now: 7767.
Memory consumption went from 157.2 MB to 152.9 MB.
Total: 13.683200 ms (FindLiveObjects: 1.247200 ms CreateObjectMapping: 1.213600 ms MarkObjects: 8.007600 ms  DeleteObjects: 3.212400 ms)

Prepare: number of updated asset objects reloaded= 0
========================================================================
Received Import Request.
  Time since last request: 682.981546 seconds.
  path: Assets/Scripts/TurnManager.cs
  artifactKey: Guid(42a6bba46b4157945b76a317536c6178) Importer(815301076,1909f56bfc062723c751e8b465ee728b)
Start importing Assets/Scripts/TurnManager.cs using Guid(42a6bba46b4157945b76a317536c6178) Importer(815301076,1909f56bfc062723c751e8b465ee728b) (PreviewImporter) -> (artifact id: '635ea6dfc4dfc72a60dc5e3a672cf44a') in 0.0088552 seconds
Number of updated asset objects reloaded before import = 0Number of asset objects unloaded after import = 0

========================================================================
Received Import Request.
  Time since last request: 0.226463 seconds.
  path: Assets/Scripts/Tile.cs
  artifactKey: Guid(f1f5cf57a9252a44ea5b4ec286aaa9b4) Importer(815301076,1909f56bfc062723c751e8b465ee728b)
Start importing Assets/Scripts/Tile.cs using Guid(f1f5cf57a9252a44ea5b4ec286aaa9b4) Importer(815301076,1909f56bfc062723c751e8b465ee728b) (PreviewImporter) -> (artifact id: 'fb50c4dbc22a9b16884e21212738340b') in 0.0007435 seconds
Number of updated asset objects reloaded before import = 0Number of asset objects unloaded after import = 0

========================================================================
Received Import Request.
  Time since last request: 85.352609 seconds.
  path: Assets/Scripts/SniperNPC.cs
  artifactKey: Guid(6b8771c7dbddf404cb1fd3c3867070d2) Importer(815301076,1909f56bfc062723c751e8b465ee728b)
Start importing Assets/Scripts/SniperNPC.cs using Guid(6b8771c7dbddf404cb1fd3c3867070d2) Importer(815301076,1909f56bfc062723c751e8b465ee728b) (PreviewImporter) -> (artifact id: 'e5e9713a50245e49f36487bfa0f2bb0d') in 0.0009644 seconds
Number of updated asset objects reloaded before import = 0Number of asset objects unloaded after import = 0

========================================================================
Received Import Request.
  Time since last request: 1.017630 seconds.
  path: Assets/Scripts/PathNode.cs
  artifactKey: Guid(9a749bb496d54534586b11624aef811a) Importer(815301076,1909f56bfc062723c751e8b465ee728b)
Start importing Assets/Scripts/PathNode.cs using Guid(9a749bb496d54534586b11624aef811a) Importer(815301076,1909f56bfc062723c751e8b465ee728b) (PreviewImporter) -> (artifact id: '7ecefc27aaa6cd45e287850a190ba05b') in 0.0009847 seconds
Number of updated asset objects reloaded before import = 0Number of asset objects unloaded after import = 0

========================================================================
Received Prepare
Refreshing native plugins compatible for Editor in 2.84 ms, found 4 plugins.
Preloading 0 native plugins for Editor in 0.00 ms.
Unloading 16 Unused Serialized files (Serialized files now loaded: 0)
Unloading 6860 unused Assets / (4.2 MB). Loaded Objects now: 7758.
Memory consumption went from 157.2 MB to 152.9 MB.
Total: 15.217200 ms (FindLiveObjects: 1.442700 ms CreateObjectMapping: 1.400200 ms MarkObjects: 9.308500 ms  DeleteObjects: 3.064000 ms)

Prepare: number of updated asset objects reloaded= 0
========================================================================
Received Prepare
Begin MonoManager ReloadAssembly
[Licensing::Client] Successfully resolved entitlement details
[Licensing::Module] License group:
  Id: SC-94TA-K8WJ-DDFY-SDRS-XXXX
  Product: Unity Pro
  Type: ULF
  Expiration: 2026-03-25T18:51:37Z
[Licensing::Module] License group:
  Id: 18968259924050-zikryzakwan-UnityProStuXXXX
  Product: Unity Student
  Type: Assigned
  Expiration: 2026-03-19T18:51:37Z
- Loaded All Assemblies, in  1.033 seconds
Refreshing native plugins compatible for Editor in 2.94 ms, found 4 plugins.
Assertion failed on expression: 'pred(*previous, *i)'
Assertion failed on expression: 'pred(*previous, *i)'
Native extension for WindowsStandalone target not found
[Package Manager] Failed to launch server process. Reason: Unity was launched with the -noUpm command-line argument
[Package Manager] Unable to send message (not connected to server process).
[Package Manager] Cannot connect to Unity Package Manager local server
Mono: successfully reloaded assembly
- Finished resetting the current domain, in  1.125 seconds
Domain Reload Profiling: 2162ms
	BeginReloadAssembly (338ms)
		ExecutionOrderSort (0ms)
		DisableScriptedObjects (17ms)
		BackupInstance (0ms)
		ReleaseScriptingObjects (0ms)
		CreateAndSetChildDomain (66ms)
	RebuildCommonClasses (45ms)
	RebuildNativeTypeToScriptingClass (17ms)
	initialDomainReloadingComplete (30ms)
	LoadAllAssembliesAndSetupDomain (606ms)
		LoadAssemblies (524ms)
		RebuildTransferFunctionScriptingTraits (0ms)
		AnalyzeDomain (263ms)
			TypeCache.Refresh (11ms)
				TypeCache.ScanAssembly (0ms)
			BuildScriptInfoCaches (233ms)
			ResolveRequiredComponents (13ms)
	FinalizeReload (1125ms)
		ReleaseScriptCaches (0ms)
		RebuildScriptCaches (0ms)
		SetupLoadedEditorAssemblies (925ms)
			LogAssemblyErrors (0ms)
			InitializePlatformSupportModulesInManaged (2ms)
			SetLoadedEditorAssemblies (4ms)
			BeforeProcessingInitializeOnLoad (221ms)
			ProcessInitializeOnLoadAttributes (608ms)
			ProcessInitializeOnLoadMethodAttributes (88ms)
			AfterProcessingInitializeOnLoad (3ms)
			EditorAssembliesLoaded (0ms)
		ExecutionOrderSort2 (0ms)
		AwakeInstancesAfterBackupRestoration (21ms)
Refreshing native plugins compatible for Editor in 3.16 ms, found 4 plugins.
Preloading 0 native plugins for Editor in 0.00 ms.
Unloading 16 Unused Serialized files (Serialized files now loaded: 0)
Unloading 6870 unused Assets / (3.9 MB). Loaded Objects now: 7761.
Memory consumption went from 157.1 MB to 153.2 MB.
Total: 17.845400 ms (FindLiveObjects: 1.336100 ms CreateObjectMapping: 0.611200 ms MarkObjects: 11.190100 ms  DeleteObjects: 4.706100 ms)

Prepare: number of updated asset objects reloaded= 0
========================================================================
Received Import Request.
  Time since last request: 17.742862 seconds.
  path: Assets/Scripts/GridManager.cs
  artifactKey: Guid(bd9d52ad9e0cca54cb280507018fca0c) Importer(815301076,1909f56bfc062723c751e8b465ee728b)
Start importing Assets/Scripts/GridManager.cs using Guid(bd9d52ad9e0cca54cb280507018fca0c) Importer(815301076,1909f56bfc062723c751e8b465ee728b) (PreviewImporter) -> (artifact id: '16823877f07e75bdc370fa60c0a07e5c') in 0.0177715 seconds
Number of updated asset objects reloaded before import = 0Number of asset objects unloaded after import = 0

========================================================================
Received Prepare
Refreshing native plugins compatible for Editor in 2.61 ms, found 4 plugins.
Preloading 0 native plugins for Editor in 0.00 ms.
Unloading 16 Unused Serialized files (Serialized files now loaded: 0)
Unloading 6858 unused Assets / (4.1 MB). Loaded Objects now: 7759.
Memory consumption went from 157.2 MB to 153.1 MB.
Total: 13.402400 ms (FindLiveObjects: 1.190000 ms CreateObjectMapping: 0.524200 ms MarkObjects: 7.747300 ms  DeleteObjects: 3.939600 ms)

Prepare: number of updated asset objects reloaded= 0
========================================================================
Received Prepare
Begin MonoManager ReloadAssembly
- Loaded All Assemblies, in  1.028 seconds
Refreshing native plugins compatible for Editor in 2.32 ms, found 4 plugins.
Native extension for WindowsStandalone target not found
[Package Manager] Failed to launch server process. Reason: Unity was launched with the -noUpm command-line argument
[Package Manager] Unable to send message (not connected to server process).
[Package Manager] Cannot connect to Unity Package Manager local server
Mono: successfully reloaded assembly
- Finished resetting the current domain, in  1.108 seconds
Domain Reload Profiling: 2138ms
	BeginReloadAssembly (349ms)
		ExecutionOrderSort (0ms)
		DisableScriptedObjects (19ms)
		BackupInstance (0ms)
		ReleaseScriptingObjects (0ms)
		CreateAndSetChildDomain (69ms)
	RebuildCommonClasses (50ms)
	RebuildNativeTypeToScriptingClass (22ms)
	initialDomainReloadingComplete (31ms)
	LoadAllAssembliesAndSetupDomain (578ms)
		LoadAssemblies (515ms)
		RebuildTransferFunctionScriptingTraits (0ms)
		AnalyzeDomain (257ms)
			TypeCache.Refresh (14ms)
				TypeCache.ScanAssembly (0ms)
			BuildScriptInfoCaches (226ms)
			ResolveRequiredComponents (12ms)
	FinalizeReload (1108ms)
		ReleaseScriptCaches (0ms)
		RebuildScriptCaches (0ms)
		SetupLoadedEditorAssemblies (898ms)
			LogAssemblyErrors (0ms)
			InitializePlatformSupportModulesInManaged (3ms)
			SetLoadedEditorAssemblies (6ms)
			BeforeProcessingInitializeOnLoad (198ms)
			ProcessInitializeOnLoadAttributes (591ms)
			ProcessInitializeOnLoadMethodAttributes (96ms)
			AfterProcessingInitializeOnLoad (3ms)
			EditorAssembliesLoaded (0ms)
		ExecutionOrderSort2 (0ms)
		AwakeInstancesAfterBackupRestoration (23ms)
Refreshing native plugins compatible for Editor in 2.35 ms, found 4 plugins.
Preloading 0 native plugins for Editor in 0.00 ms.
Unloading 16 Unused Serialized files (Serialized files now loaded: 0)
Unloading 6868 unused Assets / (4.2 MB). Loaded Objects now: 7762.
Memory consumption went from 157.1 MB to 152.8 MB.
Total: 11.657400 ms (FindLiveObjects: 1.155800 ms CreateObjectMapping: 0.476200 ms MarkObjects: 7.221100 ms  DeleteObjects: 2.802500 ms)

Prepare: number of updated asset objects reloaded= 0
========================================================================
Received Prepare
Refreshing native plugins compatible for Editor in 3.22 ms, found 4 plugins.
Preloading 0 native plugins for Editor in 0.00 ms.
Unloading 16 Unused Serialized files (Serialized files now loaded: 0)
Unloading 6859 unused Assets / (4.3 MB). Loaded Objects now: 7763.
Memory consumption went from 157.2 MB to 152.9 MB.
Total: 12.154600 ms (FindLiveObjects: 1.239300 ms CreateObjectMapping: 0.551100 ms MarkObjects: 7.362100 ms  DeleteObjects: 3.000200 ms)

Prepare: number of updated asset objects reloaded= 0
========================================================================
Received Import Request.
  Time since last request: 16.461491 seconds.
  path: Assets/Scripts/GridManager.cs
  artifactKey: Guid(bd9d52ad9e0cca54cb280507018fca0c) Importer(815301076,1909f56bfc062723c751e8b465ee728b)
Start importing Assets/Scripts/GridManager.cs using Guid(bd9d52ad9e0cca54cb280507018fca0c) Importer(815301076,1909f56bfc062723c751e8b465ee728b) (PreviewImporter) -> (artifact id: 'b2d3d1827c86bf3a421507c4c53c3b80') in 0.0218395 seconds
Number of updated asset objects reloaded before import = 0Number of asset objects unloaded after import = 0

========================================================================
Received Import Request.
  Time since last request: 0.103861 seconds.
  path: Assets/Scripts/GridManager.cs
  artifactKey: Guid(bd9d52ad9e0cca54cb280507018fca0c) Importer(2089858483,b0f066a214c2f5e87bad3c948f4d605d)
Start importing Assets/Scripts/GridManager.cs using Guid(bd9d52ad9e0cca54cb280507018fca0c) Importer(2089858483,b0f066a214c2f5e87bad3c948f4d605d) (ScriptedImporter) -> (artifact id: 'c6d7822d2c2109593d34e5a2d8fb03fa') in 0.0810802 seconds
Number of updated asset objects reloaded before import = 0Number of asset objects unloaded after import = 0

========================================================================
Received Prepare
Begin MonoManager ReloadAssembly
- Loaded All Assemblies, in  1.035 seconds
Refreshing native plugins compatible for Editor in 3.31 ms, found 4 plugins.
Native extension for WindowsStandalone target not found
[Package Manager] Failed to launch server process. Reason: Unity was launched with the -noUpm command-line argument
[Package Manager] Unable to send message (not connected to server process).
[Package Manager] Cannot connect to Unity Package Manager local server
Mono: successfully reloaded assembly
- Finished resetting the current domain, in  1.103 seconds
Domain Reload Profiling: 2141ms
	BeginReloadAssembly (350ms)
		ExecutionOrderSort (0ms)
		DisableScriptedObjects (18ms)
		BackupInstance (0ms)
		ReleaseScriptingObjects (0ms)
		CreateAndSetChildDomain (75ms)
	RebuildCommonClasses (46ms)
	RebuildNativeTypeToScriptingClass (19ms)
	initialDomainReloadingComplete (35ms)
	LoadAllAssembliesAndSetupDomain (587ms)
		LoadAssemblies (529ms)
		RebuildTransferFunctionScriptingTraits (0ms)
		AnalyzeDomain (244ms)
			TypeCache.Refresh (12ms)
				TypeCache.ScanAssembly (0ms)
			BuildScriptInfoCaches (216ms)
			ResolveRequiredComponents (13ms)
	FinalizeReload (1104ms)
		ReleaseScriptCaches (0ms)
		RebuildScriptCaches (0ms)
		SetupLoadedEditorAssemblies (885ms)
			LogAssemblyErrors (0ms)
			InitializePlatformSupportModulesInManaged (2ms)
			SetLoadedEditorAssemblies (8ms)
			BeforeProcessingInitializeOnLoad (222ms)
			ProcessInitializeOnLoadAttributes (567ms)
			ProcessInitializeOnLoadMethodAttributes (83ms)
			AfterProcessingInitializeOnLoad (3ms)
			EditorAssembliesLoaded (0ms)
		ExecutionOrderSort2 (0ms)
		AwakeInstancesAfterBackupRestoration (22ms)
Refreshing native plugins compatible for Editor in 2.39 ms, found 4 plugins.
Preloading 0 native plugins for Editor in 0.00 ms.
Unloading 16 Unused Serialized files (Serialized files now loaded: 0)
Unloading 6869 unused Assets / (4.3 MB). Loaded Objects now: 7766.
Memory consumption went from 157.1 MB to 152.9 MB.
Total: 11.081700 ms (FindLiveObjects: 1.162800 ms CreateObjectMapping: 0.763800 ms MarkObjects: 6.507700 ms  DeleteObjects: 2.645500 ms)

Prepare: number of updated asset objects reloaded= 0
========================================================================
Received Prepare
Refreshing native plugins compatible for Editor in 3.07 ms, found 4 plugins.
Preloading 0 native plugins for Editor in 0.00 ms.
Unloading 16 Unused Serialized files (Serialized files now loaded: 0)
Unloading 6860 unused Assets / (4.4 MB). Loaded Objects now: 7767.
Memory consumption went from 157.3 MB to 152.9 MB.
Total: 13.636900 ms (FindLiveObjects: 1.369400 ms CreateObjectMapping: 0.679400 ms MarkObjects: 8.683600 ms  DeleteObjects: 2.902300 ms)

Prepare: number of updated asset objects reloaded= 0
========================================================================
Received Prepare
Begin MonoManager ReloadAssembly
- Loaded All Assemblies, in  1.120 seconds
Refreshing native plugins compatible for Editor in 3.03 ms, found 4 plugins.
Native extension for WindowsStandalone target not found
[Package Manager] Failed to launch server process. Reason: Unity was launched with the -noUpm command-line argument
[Package Manager] Unable to send message (not connected to server process).
[Package Manager] Cannot connect to Unity Package Manager local server
Mono: successfully reloaded assembly
- Finished resetting the current domain, in  1.240 seconds
Domain Reload Profiling: 2361ms
	BeginReloadAssembly (374ms)
		ExecutionOrderSort (0ms)
		DisableScriptedObjects (18ms)
		BackupInstance (0ms)
		ReleaseScriptingObjects (0ms)
		CreateAndSetChildDomain (75ms)
	RebuildCommonClasses (59ms)
	RebuildNativeTypeToScriptingClass (20ms)
	initialDomainReloadingComplete (37ms)
	LoadAllAssembliesAndSetupDomain (631ms)
		LoadAssemblies (588ms)
		RebuildTransferFunctionScriptingTraits (0ms)
		AnalyzeDomain (258ms)
			TypeCache.Refresh (14ms)
				TypeCache.ScanAssembly (0ms)
			BuildScriptInfoCaches (227ms)
			ResolveRequiredComponents (12ms)
	FinalizeReload (1240ms)
		ReleaseScriptCaches (0ms)
		RebuildScriptCaches (0ms)
		SetupLoadedEditorAssemblies (1008ms)
			LogAssemblyErrors (0ms)
			InitializePlatformSupportModulesInManaged (2ms)
			SetLoadedEditorAssemblies (9ms)
			BeforeProcessingInitializeOnLoad (220ms)
			ProcessInitializeOnLoadAttributes (662ms)
			ProcessInitializeOnLoadMethodAttributes (110ms)
			AfterProcessingInitializeOnLoad (4ms)
			EditorAssembliesLoaded (1ms)
		ExecutionOrderSort2 (0ms)
		AwakeInstancesAfterBackupRestoration (26ms)
Refreshing native plugins compatible for Editor in 2.97 ms, found 4 plugins.
Preloading 0 native plugins for Editor in 0.00 ms.
Unloading 16 Unused Serialized files (Serialized files now loaded: 0)
Unloading 6870 unused Assets / (4.4 MB). Loaded Objects now: 7770.
Memory consumption went from 157.2 MB to 152.7 MB.
Total: 16.244600 ms (FindLiveObjects: 1.398700 ms CreateObjectMapping: 0.893500 ms MarkObjects: 9.972800 ms  DeleteObjects: 3.977600 ms)

Prepare: number of updated asset objects reloaded= 0
========================================================================
Received Import Request.
  Time since last request: 36.820528 seconds.
  path: Assets/Scripts/GridManager.cs
  artifactKey: Guid(bd9d52ad9e0cca54cb280507018fca0c) Importer(815301076,1909f56bfc062723c751e8b465ee728b)
Start importing Assets/Scripts/GridManager.cs using Guid(bd9d52ad9e0cca54cb280507018fca0c) Importer(815301076,1909f56bfc062723c751e8b465ee728b) (PreviewImporter) -> (artifact id: 'c276766b446d2516c6aa9a9c505cc742') in 0.0224226 seconds
Number of updated asset objects reloaded before import = 0Number of asset objects unloaded after import = 0

========================================================================
Received Prepare
Refreshing native plugins compatible for Editor in 85.00 ms, found 4 plugins.
Preloading 0 native plugins for Editor in 0.00 ms.
Unloading 16 Unused Serialized files (Serialized files now loaded: 0)
Unloading 6860 unused Assets / (3.3 MB). Loaded Objects now: 7770.
Memory consumption went from 157.3 MB to 154.0 MB.
Total: 25.508400 ms (FindLiveObjects: 2.467600 ms CreateObjectMapping: 2.573100 ms MarkObjects: 15.911800 ms  DeleteObjects: 4.552800 ms)

Prepare: number of updated asset objects reloaded= 0
========================================================================
Received Import Request.
  Time since last request: 17.630557 seconds.
  path: Assets/Scripts/GridManager.cs
  artifactKey: Guid(bd9d52ad9e0cca54cb280507018fca0c) Importer(815301076,1909f56bfc062723c751e8b465ee728b)
Start importing Assets/Scripts/GridManager.cs using Guid(bd9d52ad9e0cca54cb280507018fca0c) Importer(815301076,1909f56bfc062723c751e8b465ee728b) (PreviewImporter) -> (artifact id: 'e840abc8d51ac78ba5869f97639e2ce6') in 0.0092295 seconds
Number of updated asset objects reloaded before import = 0Number of asset objects unloaded after import = 0

========================================================================
Received Prepare
Refreshing native plugins compatible for Editor in 3.43 ms, found 4 plugins.
Preloading 0 native plugins for Editor in 0.00 ms.
Unloading 16 Unused Serialized files (Serialized files now loaded: 0)
Unloading 6860 unused Assets / (2.3 MB). Loaded Objects now: 7770.
Memory consumption went from 157.3 MB to 155.1 MB.
Total: 26.316100 ms (FindLiveObjects: 2.915800 ms CreateObjectMapping: 1.716900 ms MarkObjects: 18.011100 ms  DeleteObjects: 3.669300 ms)

Prepare: number of updated asset objects reloaded= 0
========================================================================
Received Prepare
Begin MonoManager ReloadAssembly
[Licensing::Client] Successfully resolved entitlement details
[Licensing::Module] License group:
  Id: SC-94TA-K8WJ-DDFY-SDRS-XXXX
  Product: Unity Pro
  Type: ULF
  Expiration: 2026-03-25T18:51:37Z
[Licensing::Module] License group:
  Id: 18968259924050-zikryzakwan-UnityProStuXXXX
  Product: Unity Student
  Type: Assigned
  Expiration: 2026-03-19T18:51:37Z
- Loaded All Assemblies, in  1.734 seconds
Refreshing native plugins compatible for Editor in 10.81 ms, found 4 plugins.
Assertion failed on expression: 'pred(*previous, *i)'
Assertion failed on expression: 'pred(*previous, *i)'
Native extension for WindowsStandalone target not found
[Package Manager] Failed to launch server process. Reason: Unity was launched with the -noUpm command-line argument
[Package Manager] Unable to send message (not connected to server process).
[Package Manager] Cannot connect to Unity Package Manager local server
Mono: successfully reloaded assembly
- Finished resetting the current domain, in  1.684 seconds
Domain Reload Profiling: 3443ms
	BeginReloadAssembly (597ms)
		ExecutionOrderSort (0ms)
		DisableScriptedObjects (42ms)
		BackupInstance (0ms)
		ReleaseScriptingObjects (0ms)
		CreateAndSetChildDomain (141ms)
	RebuildCommonClasses (85ms)
	RebuildNativeTypeToScriptingClass (30ms)
	initialDomainReloadingComplete (50ms)
	LoadAllAssembliesAndSetupDomain (997ms)
		LoadAssemblies (833ms)
		RebuildTransferFunctionScriptingTraits (0ms)
		AnalyzeDomain (413ms)
			TypeCache.Refresh (15ms)
				TypeCache.ScanAssembly (0ms)
			BuildScriptInfoCaches (357ms)
			ResolveRequiredComponents (34ms)
	FinalizeReload (1684ms)
		ReleaseScriptCaches (0ms)
		RebuildScriptCaches (0ms)
		SetupLoadedEditorAssemblies (1379ms)
			LogAssemblyErrors (0ms)
			InitializePlatformSupportModulesInManaged (3ms)
			SetLoadedEditorAssemblies (20ms)
			BeforeProcessingInitializeOnLoad (353ms)
			ProcessInitializeOnLoadAttributes (862ms)
			ProcessInitializeOnLoadMethodAttributes (134ms)
			AfterProcessingInitializeOnLoad (6ms)
			EditorAssembliesLoaded (1ms)
		ExecutionOrderSort2 (0ms)
		AwakeInstancesAfterBackupRestoration (27ms)
Refreshing native plugins compatible for Editor in 2.99 ms, found 4 plugins.
Preloading 0 native plugins for Editor in 0.00 ms.
Unloading 16 Unused Serialized files (Serialized files now loaded: 0)
Unloading 6870 unused Assets / (4.8 MB). Loaded Objects now: 7773.
Memory consumption went from 157.2 MB to 152.4 MB.
Total: 18.779900 ms (FindLiveObjects: 1.356400 ms CreateObjectMapping: 0.691400 ms MarkObjects: 10.417100 ms  DeleteObjects: 6.312200 ms)

Prepare: number of updated asset objects reloaded= 0
========================================================================
Received Import Request.
  Time since last request: 40.133776 seconds.
  path: Assets/Prefab/Tile.prefab
  artifactKey: Guid(92e26ef1e0592d949963bd8e1d404dee) Importer(815301076,1909f56bfc062723c751e8b465ee728b)
Start importing Assets/Prefab/Tile.prefab using Guid(92e26ef1e0592d949963bd8e1d404dee) Importer(815301076,1909f56bfc062723c751e8b465ee728b) (PreviewImporter) -> (artifact id: 'b2f37a90597846d8433bb79e61572fd7') in 0.4543948 seconds
Number of updated asset objects reloaded before import = 0Number of asset objects unloaded after import = 10

========================================================================
Received Prepare
Begin MonoManager ReloadAssembly
- Loaded All Assemblies, in  1.253 seconds
Refreshing native plugins compatible for Editor in 2.59 ms, found 4 plugins.
Assertion failed on expression: 'pred(*previous, *i)'
Assertion failed on expression: 'pred(*previous, *i)'
Native extension for WindowsStandalone target not found
[Package Manager] Failed to launch server process. Reason: Unity was launched with the -noUpm command-line argument
[Package Manager] Unable to send message (not connected to server process).
[Package Manager] Cannot connect to Unity Package Manager local server
Mono: successfully reloaded assembly
- Finished resetting the current domain, in  1.305 seconds
Domain Reload Profiling: 2561ms
	BeginReloadAssembly (358ms)
		ExecutionOrderSort (0ms)
		DisableScriptedObjects (31ms)
		BackupInstance (0ms)
		ReleaseScriptingObjects (0ms)
		CreateAndSetChildDomain (78ms)
	RebuildCommonClasses (53ms)
	RebuildNativeTypeToScriptingClass (21ms)
	initialDomainReloadingComplete (50ms)
	LoadAllAssembliesAndSetupDomain (773ms)
		LoadAssemblies (711ms)
		RebuildTransferFunctionScriptingTraits (0ms)
		AnalyzeDomain (248ms)
			TypeCache.Refresh (9ms)
				TypeCache.ScanAssembly (0ms)
			BuildScriptInfoCaches (223ms)
			ResolveRequiredComponents (13ms)
	FinalizeReload (1305ms)
		ReleaseScriptCaches (0ms)
		RebuildScriptCaches (0ms)
		SetupLoadedEditorAssemblies (1078ms)
			LogAssemblyErrors (0ms)
			InitializePlatformSupportModulesInManaged (2ms)
			SetLoadedEditorAssemblies (5ms)
			BeforeProcessingInitializeOnLoad (281ms)
			ProcessInitializeOnLoadAttributes (664ms)
			ProcessInitializeOnLoadMethodAttributes (121ms)
			AfterProcessingInitializeOnLoad (3ms)
			EditorAssembliesLoaded (0ms)
		ExecutionOrderSort2 (0ms)
		AwakeInstancesAfterBackupRestoration (29ms)
Refreshing native plugins compatible for Editor in 3.49 ms, found 4 plugins.
Preloading 0 native plugins for Editor in 0.00 ms.
Unloading 16 Unused Serialized files (Serialized files now loaded: 0)
Unloading 6870 unused Assets / (5.3 MB). Loaded Objects now: 7796.
Memory consumption went from 157.3 MB to 152.1 MB.
Total: 17.263800 ms (FindLiveObjects: 1.661600 ms CreateObjectMapping: 2.086900 ms MarkObjects: 8.645100 ms  DeleteObjects: 4.868000 ms)

Prepare: number of updated asset objects reloaded= 0
========================================================================
Received Import Request.
  Time since last request: 79.188563 seconds.
  path: Assets/Prefab/Tile.prefab
  artifactKey: Guid(92e26ef1e0592d949963bd8e1d404dee) Importer(815301076,1909f56bfc062723c751e8b465ee728b)
Start importing Assets/Prefab/Tile.prefab using Guid(92e26ef1e0592d949963bd8e1d404dee) Importer(815301076,1909f56bfc062723c751e8b465ee728b) (PreviewImporter) -> (artifact id: '00000000000000000000000000000000') in 0.4728303 seconds
Import Error Code:(4)
Message: Build asset version error: assets/prefab/tile.prefab in SourceAssetDB has modification time of '2026-02-18T10:46:07.2459392Z' while content on disk has modification time of '2026-02-18T10:46:07.8451403Z'
  ERROR: Build asset version error: assets/prefab/tile.prefab in SourceAssetDB has modification time of '2026-02-18T10:46:07.2459392Z' while content on disk has modification time of '2026-02-18T10:46:07.8451403Z'
Number of updated asset objects reloaded before import = 0Number of asset objects unloaded after import = 2

========================================================================
Received Import Request.
  Time since last request: 0.000652 seconds.
  path: Assets/Prefab/Tile.prefab
  artifactKey: Guid(92e26ef1e0592d949963bd8e1d404dee) Importer(815301076,1909f56bfc062723c751e8b465ee728b)
Start importing Assets/Prefab/Tile.prefab using Guid(92e26ef1e0592d949963bd8e1d404dee) Importer(815301076,1909f56bfc062723c751e8b465ee728b) (PreviewImporter) -> (artifact id: '41d5ab3320765844f1933d5a6f11732c') in 0.0099956 seconds
Number of updated asset objects reloaded before import = 0Number of asset objects unloaded after import = 10

========================================================================
Received Import Request.
  Time since last request: 0.962229 seconds.
  path: Assets/Prefab/Tile.prefab
  artifactKey: Guid(92e26ef1e0592d949963bd8e1d404dee) Importer(815301076,1909f56bfc062723c751e8b465ee728b)
Start importing Assets/Prefab/Tile.prefab using Guid(92e26ef1e0592d949963bd8e1d404dee) Importer(815301076,1909f56bfc062723c751e8b465ee728b) (PreviewImporter) -> (artifact id: '5dfdfd62577f702d4a3167a107ff0afe') in 0.0102307 seconds
Number of updated asset objects reloaded before import = 0Number of asset objects unloaded after import = 10

========================================================================
Received Import Request.
  Time since last request: 1.731324 seconds.
  path: Assets/Prefab/Tile.prefab
  artifactKey: Guid(92e26ef1e0592d949963bd8e1d404dee) Importer(815301076,1909f56bfc062723c751e8b465ee728b)
Start importing Assets/Prefab/Tile.prefab using Guid(92e26ef1e0592d949963bd8e1d404dee) Importer(815301076,1909f56bfc062723c751e8b465ee728b) (PreviewImporter) -> (artifact id: '5438fcdc1a6ac6e0a971f0def18cbabf') in 0.0238672 seconds
Number of updated asset objects reloaded before import = 0Number of asset objects unloaded after import = 10

========================================================================
Received Import Request.
  Time since last request: 28.678764 seconds.
  path: Assets/Prefab/Tile.prefab
  artifactKey: Guid(92e26ef1e0592d949963bd8e1d404dee) Importer(815301076,1909f56bfc062723c751e8b465ee728b)
Start importing Assets/Prefab/Tile.prefab using Guid(92e26ef1e0592d949963bd8e1d404dee) Importer(815301076,1909f56bfc062723c751e8b465ee728b) (PreviewImporter) -> (artifact id: '0e8db9d15524c21986733801986f20df') in 0.020772 seconds
Number of updated asset objects reloaded before import = 0Number of asset objects unloaded after import = 10

========================================================================
Received Import Request.
  Time since last request: 5.153758 seconds.
  path: Assets/Prefab/Tile.prefab
  artifactKey: Guid(92e26ef1e0592d949963bd8e1d404dee) Importer(815301076,1909f56bfc062723c751e8b465ee728b)
Start importing Assets/Prefab/Tile.prefab using Guid(92e26ef1e0592d949963bd8e1d404dee) Importer(815301076,1909f56bfc062723c751e8b465ee728b) (PreviewImporter) -> (artifact id: 'cf9759d092f9d62f99993390b134cd0f') in 0.0273226 seconds
Number of updated asset objects reloaded before import = 0Number of asset objects unloaded after import = 10

========================================================================
Received Import Request.
  Time since last request: 3.500488 seconds.
  path: Assets/Prefab/Tile.prefab
  artifactKey: Guid(92e26ef1e0592d949963bd8e1d404dee) Importer(815301076,1909f56bfc062723c751e8b465ee728b)
Start importing Assets/Prefab/Tile.prefab using Guid(92e26ef1e0592d949963bd8e1d404dee) Importer(815301076,1909f56bfc062723c751e8b465ee728b) (PreviewImporter) -> (artifact id: 'e19c941c4d0346701050744fed676247') in 0.0276783 seconds
Number of updated asset objects reloaded before import = 0Number of asset objects unloaded after import = 10

========================================================================
Received Import Request.
  Time since last request: 4.197991 seconds.
  path: Assets/Prefab/Tile.prefab
  artifactKey: Guid(92e26ef1e0592d949963bd8e1d404dee) Importer(815301076,1909f56bfc062723c751e8b465ee728b)
Start importing Assets/Prefab/Tile.prefab using Guid(92e26ef1e0592d949963bd8e1d404dee) Importer(815301076,1909f56bfc062723c751e8b465ee728b) (PreviewImporter) -> (artifact id: '9740106c75f2d10a95ab611a66b8e18a') in 0.0092922 seconds
Number of updated asset objects reloaded before import = 0Number of asset objects unloaded after import = 10

========================================================================
Received Import Request.
  Time since last request: 7.402172 seconds.
  path: Assets/Prefab/Tile.prefab
  artifactKey: Guid(92e26ef1e0592d949963bd8e1d404dee) Importer(815301076,1909f56bfc062723c751e8b465ee728b)
Start importing Assets/Prefab/Tile.prefab using Guid(92e26ef1e0592d949963bd8e1d404dee) Importer(815301076,1909f56bfc062723c751e8b465ee728b) (PreviewImporter) -> (artifact id: 'e592e66c6d6f4541022ba3c815380918') in 0.0251625 seconds
Number of updated asset objects reloaded before import = 0Number of asset objects unloaded after import = 10

========================================================================
Received Import Request.
  Time since last request: 29.212040 seconds.
  path: Assets/Prefab/Tile.prefab
  artifactKey: Guid(92e26ef1e0592d949963bd8e1d404dee) Importer(815301076,1909f56bfc062723c751e8b465ee728b)
Start importing Assets/Prefab/Tile.prefab using Guid(92e26ef1e0592d949963bd8e1d404dee) Importer(815301076,1909f56bfc062723c751e8b465ee728b) (PreviewImporter) -> (artifact id: '8fda39f31011eea27ce8dd545f502c87') in 0.007994 seconds
Number of updated asset objects reloaded before import = 0Number of asset objects unloaded after import = 11

========================================================================
Received Import Request.
  Time since last request: 22.711662 seconds.
  path: Assets/Prefab/Tile.prefab
  artifactKey: Guid(92e26ef1e0592d949963bd8e1d404dee) Importer(815301076,1909f56bfc062723c751e8b465ee728b)
Start importing Assets/Prefab/Tile.prefab using Guid(92e26ef1e0592d949963bd8e1d404dee) Importer(815301076,1909f56bfc062723c751e8b465ee728b) (PreviewImporter) -> (artifact id: '3aa503090d9d65a8aab6a6175df71412') in 0.104198 seconds
Number of updated asset objects reloaded before import = 0Number of asset objects unloaded after import = 14

========================================================================
Received Import Request.
  Time since last request: 3.295867 seconds.
  path: Assets/Prefab/Tile.prefab
  artifactKey: Guid(92e26ef1e0592d949963bd8e1d404dee) Importer(815301076,1909f56bfc062723c751e8b465ee728b)
Start importing Assets/Prefab/Tile.prefab using Guid(92e26ef1e0592d949963bd8e1d404dee) Importer(815301076,1909f56bfc062723c751e8b465ee728b) (PreviewImporter) -> (artifact id: '6c7a1eb8d17ddc4fd07cd5c568f1138d') in 0.0330795 seconds
Number of updated asset objects reloaded before import = 0Number of asset objects unloaded after import = 14

========================================================================
Received Import Request.
  Time since last request: 2.951970 seconds.
  path: Assets/Prefab/Tile.prefab
  artifactKey: Guid(92e26ef1e0592d949963bd8e1d404dee) Importer(815301076,1909f56bfc062723c751e8b465ee728b)
Start importing Assets/Prefab/Tile.prefab using Guid(92e26ef1e0592d949963bd8e1d404dee) Importer(815301076,1909f56bfc062723c751e8b465ee728b) (PreviewImporter) -> (artifact id: 'f24d48fb8c03c6e5730e618b8a97a042') in 0.0102429 seconds
Number of updated asset objects reloaded before import = 0Number of asset objects unloaded after import = 14

========================================================================
Received Import Request.
  Time since last request: 1.523794 seconds.
  path: Assets/Prefab/Tile.prefab
  artifactKey: Guid(92e26ef1e0592d949963bd8e1d404dee) Importer(815301076,1909f56bfc062723c751e8b465ee728b)
Start importing Assets/Prefab/Tile.prefab using Guid(92e26ef1e0592d949963bd8e1d404dee) Importer(815301076,1909f56bfc062723c751e8b465ee728b) (PreviewImporter) -> (artifact id: 'd657327938685ef8fdbdcc3f03e567df') in 0.0086342 seconds
Number of updated asset objects reloaded before import = 0Number of asset objects unloaded after import = 14

========================================================================
Received Import Request.
  Time since last request: 9.297114 seconds.
  path: Assets/Prefab/Tile.prefab
  artifactKey: Guid(92e26ef1e0592d949963bd8e1d404dee) Importer(815301076,1909f56bfc062723c751e8b465ee728b)
Start importing Assets/Prefab/Tile.prefab using Guid(92e26ef1e0592d949963bd8e1d404dee) Importer(815301076,1909f56bfc062723c751e8b465ee728b) (PreviewImporter) -> (artifact id: '970c1c86a3e9f8a5cb01f8f3a4b9c23e') in 0.011019 seconds
Number of updated asset objects reloaded before import = 0Number of asset objects unloaded after import = 14

========================================================================
Received Import Request.
  Time since last request: 3.170969 seconds.
  path: Assets/Prefab/Tile.prefab
  artifactKey: Guid(92e26ef1e0592d949963bd8e1d404dee) Importer(815301076,1909f56bfc062723c751e8b465ee728b)
Start importing Assets/Prefab/Tile.prefab using Guid(92e26ef1e0592d949963bd8e1d404dee) Importer(815301076,1909f56bfc062723c751e8b465ee728b) (PreviewImporter) -> (artifact id: '87e16dbae8453ed9298620bc95d7b5d1') in 0.009732 seconds
Number of updated asset objects reloaded before import = 0Number of asset objects unloaded after import = 14

========================================================================
Received Import Request.
  Time since last request: 5.242155 seconds.
  path: Assets/Prefab/Tile.prefab
  artifactKey: Guid(92e26ef1e0592d949963bd8e1d404dee) Importer(815301076,1909f56bfc062723c751e8b465ee728b)
Start importing Assets/Prefab/Tile.prefab using Guid(92e26ef1e0592d949963bd8e1d404dee) Importer(815301076,1909f56bfc062723c751e8b465ee728b) (PreviewImporter) -> (artifact id: 'e1795b213df5f7d8ee3eb69a679eb4d2') in 0.0214303 seconds
Number of updated asset objects reloaded before import = 0Number of asset objects unloaded after import = 14

========================================================================
Received Import Request.
  Time since last request: 17.451830 seconds.
  path: Assets/Prefab/Tile.prefab
  artifactKey: Guid(92e26ef1e0592d949963bd8e1d404dee) Importer(815301076,1909f56bfc062723c751e8b465ee728b)
Start importing Assets/Prefab/Tile.prefab using Guid(92e26ef1e0592d949963bd8e1d404dee) Importer(815301076,1909f56bfc062723c751e8b465ee728b) (PreviewImporter) -> (artifact id: '1dba8631936a1860517e89d59d8cb614') in 0.0339938 seconds
Number of updated asset objects reloaded before import = 0Number of asset objects unloaded after import = 14

========================================================================
Received Import Request.
  Time since last request: 3.411108 seconds.
  path: Assets/Prefab/Tile.prefab
  artifactKey: Guid(92e26ef1e0592d949963bd8e1d404dee) Importer(815301076,1909f56bfc062723c751e8b465ee728b)
Start importing Assets/Prefab/Tile.prefab using Guid(92e26ef1e0592d949963bd8e1d404dee) Importer(815301076,1909f56bfc062723c751e8b465ee728b) (PreviewImporter) -> (artifact id: '66888f154908e17b1b250a720092c2b3') in 0.0093767 seconds
Number of updated asset objects reloaded before import = 0Number of asset objects unloaded after import = 14

========================================================================
Received Import Request.
  Time since last request: 4.012703 seconds.
  path: Assets/Prefab/Tile.prefab
  artifactKey: Guid(92e26ef1e0592d949963bd8e1d404dee) Importer(815301076,1909f56bfc062723c751e8b465ee728b)
Start importing Assets/Prefab/Tile.prefab using Guid(92e26ef1e0592d949963bd8e1d404dee) Importer(815301076,1909f56bfc062723c751e8b465ee728b) (PreviewImporter) -> (artifact id: '2532e55c976dfdfdf103741ef6835d6d') in 0.0092396 seconds
Number of updated asset objects reloaded before import = 0Number of asset objects unloaded after import = 14

========================================================================
Received Import Request.
  Time since last request: 2.372740 seconds.
  path: Assets/Prefab/Tile.prefab
  artifactKey: Guid(92e26ef1e0592d949963bd8e1d404dee) Importer(815301076,1909f56bfc062723c751e8b465ee728b)
Start importing Assets/Prefab/Tile.prefab using Guid(92e26ef1e0592d949963bd8e1d404dee) Importer(815301076,1909f56bfc062723c751e8b465ee728b) (PreviewImporter) -> (artifact id: '2b55c731e9a75ca60f4ae63f106b0306') in 0.0307046 seconds
Number of updated asset objects reloaded before import = 0Number of asset objects unloaded after import = 14

========================================================================
Received Import Request.
  Time since last request: 5.391734 seconds.
  path: Assets/Prefab/Tile.prefab
  artifactKey: Guid(92e26ef1e0592d949963bd8e1d404dee) Importer(815301076,1909f56bfc062723c751e8b465ee728b)
Start importing Assets/Prefab/Tile.prefab using Guid(92e26ef1e0592d949963bd8e1d404dee) Importer(815301076,1909f56bfc062723c751e8b465ee728b) (PreviewImporter) -> (artifact id: '3081cb9c29051b2488cc77bf6fdb7d9c') in 0.0252715 seconds
Number of updated asset objects reloaded before import = 0Number of asset objects unloaded after import = 14

========================================================================
Received Prepare
Begin MonoManager ReloadAssembly
[Licensing::Client] Successfully resolved entitlement details
[Licensing::Module] License group:
  Id: SC-94TA-K8WJ-DDFY-SDRS-XXXX
  Product: Unity Pro
  Type: ULF
  Expiration: 2026-03-25T18:51:37Z
[Licensing::Module] License group:
  Id: 18968259924050-zikryzakwan-UnityProStuXXXX
  Product: Unity Student
  Type: Assigned
  Expiration: 2026-03-19T18:51:37Z
- Loaded All Assemblies, in  1.081 seconds
Refreshing native plugins compatible for Editor in 2.61 ms, found 4 plugins.
Assertion failed on expression: 'pred(*previous, *i)'
Assertion failed on expression: 'pred(*previous, *i)'
Native extension for WindowsStandalone target not found
[Package Manager] Failed to launch server process. Reason: Unity was launched with the -noUpm command-line argument
[Package Manager] Unable to send message (not connected to server process).
[Package Manager] Cannot connect to Unity Package Manager local server
Mono: successfully reloaded assembly
- Finished resetting the current domain, in  1.316 seconds
Domain Reload Profiling: 2401ms
	BeginReloadAssembly (368ms)
		ExecutionOrderSort (0ms)
		DisableScriptedObjects (36ms)
		BackupInstance (0ms)
		ReleaseScriptingObjects (0ms)
		CreateAndSetChildDomain (77ms)
	RebuildCommonClasses (48ms)
	RebuildNativeTypeToScriptingClass (21ms)
	initialDomainReloadingComplete (36ms)
	LoadAllAssembliesAndSetupDomain (612ms)
		LoadAssemblies (527ms)
		RebuildTransferFunctionScriptingTraits (0ms)
		AnalyzeDomain (263ms)
			TypeCache.Refresh (9ms)
				TypeCache.ScanAssembly (0ms)
			BuildScriptInfoCaches (232ms)
			ResolveRequiredComponents (15ms)
	FinalizeReload (1317ms)
		ReleaseScriptCaches (0ms)
		RebuildScriptCaches (0ms)
		SetupLoadedEditorAssemblies (1090ms)
			LogAssemblyErrors (0ms)
			InitializePlatformSupportModulesInManaged (2ms)
			SetLoadedEditorAssemblies (8ms)
			BeforeProcessingInitializeOnLoad (212ms)
			ProcessInitializeOnLoadAttributes (743ms)
			ProcessInitializeOnLoadMethodAttributes (121ms)
			AfterProcessingInitializeOnLoad (3ms)
			EditorAssembliesLoaded (0ms)
		ExecutionOrderSort2 (0ms)
		AwakeInstancesAfterBackupRestoration (28ms)
Refreshing native plugins compatible for Editor in 3.17 ms, found 4 plugins.
Preloading 0 native plugins for Editor in 0.00 ms.
Unloading 16 Unused Serialized files (Serialized files now loaded: 0)
Unloading 6870 unused Assets / (4.3 MB). Loaded Objects now: 7819.
Memory consumption went from 157.5 MB to 153.2 MB.
Total: 13.745100 ms (FindLiveObjects: 1.262800 ms CreateObjectMapping: 0.582700 ms MarkObjects: 8.312800 ms  DeleteObjects: 3.584200 ms)

Prepare: number of updated asset objects reloaded= 0
========================================================================
Received Import Request.
  Time since last request: 49.568713 seconds.
  path: Assets/Settings/Lit2DSceneTemplate.scenetemplate
  artifactKey: Guid(d03ed43fc9d8a4f2e9fa70c1c7916eb9) Importer(815301076,1909f56bfc062723c751e8b465ee728b)
Start importing Assets/Settings/Lit2DSceneTemplate.scenetemplate using Guid(d03ed43fc9d8a4f2e9fa70c1c7916eb9) Importer(815301076,1909f56bfc062723c751e8b465ee728b) (PreviewImporter) -> (artifact id: '857eef42167e2f3ff0d162c750a2d76e') in 0.1736279 seconds
Number of updated asset objects reloaded before import = 0Number of asset objects unloaded after import = 4

========================================================================
Received Prepare
Begin MonoManager ReloadAssembly
- Loaded All Assemblies, in  1.028 seconds
Refreshing native plugins compatible for Editor in 2.77 ms, found 4 plugins.
Assertion failed on expression: 'pred(*previous, *i)'
Assertion failed on expression: 'pred(*previous, *i)'
Native extension for WindowsStandalone target not found
[Package Manager] Failed to launch server process. Reason: Unity was launched with the -noUpm command-line argument
[Package Manager] Unable to send message (not connected to server process).
[Package Manager] Cannot connect to Unity Package Manager local server
Mono: successfully reloaded assembly
- Finished resetting the current domain, in  1.250 seconds
Domain Reload Profiling: 2282ms
	BeginReloadAssembly (333ms)
		ExecutionOrderSort (0ms)
		DisableScriptedObjects (17ms)
		BackupInstance (0ms)
		ReleaseScriptingObjects (0ms)
		CreateAndSetChildDomain (71ms)
	RebuildCommonClasses (50ms)
	RebuildNativeTypeToScriptingClass (18ms)
	initialDomainReloadingComplete (32ms)
	LoadAllAssembliesAndSetupDomain (599ms)
		LoadAssemblies (522ms)
		RebuildTransferFunctionScriptingTraits (0ms)
		AnalyzeDomain (259ms)
			TypeCache.Refresh (10ms)
				TypeCache.ScanAssembly (0ms)
			BuildScriptInfoCaches (228ms)
			ResolveRequiredComponents (15ms)
	FinalizeReload (1250ms)
		ReleaseScriptCaches (0ms)
		RebuildScriptCaches (0ms)
		SetupLoadedEditorAssemblies (1040ms)
			LogAssemblyErrors (0ms)
			InitializePlatformSupportModulesInManaged (2ms)
			SetLoadedEditorAssemblies (7ms)
			BeforeProcessingInitializeOnLoad (197ms)
			ProcessInitializeOnLoadAttributes (712ms)
			ProcessInitializeOnLoadMethodAttributes (117ms)
			AfterProcessingInitializeOnLoad (4ms)
			EditorAssembliesLoaded (0ms)
		ExecutionOrderSort2 (0ms)
		AwakeInstancesAfterBackupRestoration (26ms)
Refreshing native plugins compatible for Editor in 3.58 ms, found 4 plugins.
Preloading 0 native plugins for Editor in 0.00 ms.
Unloading 16 Unused Serialized files (Serialized files now loaded: 0)
Unloading 6870 unused Assets / (3.5 MB). Loaded Objects now: 7823.
Memory consumption went from 157.4 MB to 153.9 MB.
Total: 15.972100 ms (FindLiveObjects: 1.293700 ms CreateObjectMapping: 1.331800 ms MarkObjects: 10.554100 ms  DeleteObjects: 2.790100 ms)

Prepare: number of updated asset objects reloaded= 0
========================================================================
Received Import Request.
  Time since last request: 30.121740 seconds.
  path: Assets/Prefab/Tile.prefab
  artifactKey: Guid(92e26ef1e0592d949963bd8e1d404dee) Importer(815301076,1909f56bfc062723c751e8b465ee728b)
Start importing Assets/Prefab/Tile.prefab using Guid(92e26ef1e0592d949963bd8e1d404dee) Importer(815301076,1909f56bfc062723c751e8b465ee728b) (PreviewImporter) -> (artifact id: '1a05101eb9d5b0705fcb6cbc3c419f11') in 0.5465177 seconds
Number of updated asset objects reloaded before import = 0Number of asset objects unloaded after import = 14

========================================================================
Received Prepare
Begin MonoManager ReloadAssembly
[Licensing::Client] Successfully resolved entitlement details
[Licensing::Module] License group:
  Id: SC-94TA-K8WJ-DDFY-SDRS-XXXX
  Product: Unity Pro
  Type: ULF
  Expiration: 2026-03-25T18:51:37Z
[Licensing::Module] License group:
  Id: 18968259924050-zikryzakwan-UnityProStuXXXX
  Product: Unity Student
  Type: Assigned
  Expiration: 2026-03-19T18:51:37Z
- Loaded All Assemblies, in  1.071 seconds
Refreshing native plugins compatible for Editor in 2.28 ms, found 4 plugins.
Assertion failed on expression: 'pred(*previous, *i)'
Assertion failed on expression: 'pred(*previous, *i)'
Native extension for WindowsStandalone target not found
[Package Manager] Failed to launch server process. Reason: Unity was launched with the -noUpm command-line argument
[Package Manager] Unable to send message (not connected to server process).
[Package Manager] Cannot connect to Unity Package Manager local server
Mono: successfully reloaded assembly
- Finished resetting the current domain, in  1.158 seconds
Domain Reload Profiling: 2232ms
	BeginReloadAssembly (359ms)
		ExecutionOrderSort (0ms)
		DisableScriptedObjects (33ms)
		BackupInstance (0ms)
		ReleaseScriptingObjects (0ms)
		CreateAndSetChildDomain (75ms)
	RebuildCommonClasses (57ms)
	RebuildNativeTypeToScriptingClass (19ms)
	initialDomainReloadingComplete (32ms)
	LoadAllAssembliesAndSetupDomain (606ms)
		LoadAssemblies (521ms)
		RebuildTransferFunctionScriptingTraits (0ms)
		AnalyzeDomain (263ms)
			TypeCache.Refresh (8ms)
				TypeCache.ScanAssembly (0ms)
			BuildScriptInfoCaches (238ms)
			ResolveRequiredComponents (13ms)
	FinalizeReload (1159ms)
		ReleaseScriptCaches (0ms)
		RebuildScriptCaches (0ms)
		SetupLoadedEditorAssemblies (963ms)
			LogAssemblyErrors (0ms)
			InitializePlatformSupportModulesInManaged (2ms)
			SetLoadedEditorAssemblies (6ms)
			BeforeProcessingInitializeOnLoad (198ms)
			ProcessInitializeOnLoadAttributes (660ms)
			ProcessInitializeOnLoadMethodAttributes (93ms)
			AfterProcessingInitializeOnLoad (3ms)
			EditorAssembliesLoaded (1ms)
		ExecutionOrderSort2 (0ms)
		AwakeInstancesAfterBackupRestoration (22ms)
Refreshing native plugins compatible for Editor in 2.77 ms, found 4 plugins.
Preloading 0 native plugins for Editor in 0.00 ms.
Unloading 16 Unused Serialized files (Serialized files now loaded: 0)
Unloading 6870 unused Assets / (4.6 MB). Loaded Objects now: 7846.
Memory consumption went from 157.6 MB to 153.0 MB.
Total: 12.306100 ms (FindLiveObjects: 1.197700 ms CreateObjectMapping: 0.407400 ms MarkObjects: 7.298400 ms  DeleteObjects: 3.400600 ms)

Prepare: number of updated asset objects reloaded= 0
========================================================================
Received Import Request.
  Time since last request: 31.593577 seconds.
  path: Assets/Prefab/Tile.prefab
  artifactKey: Guid(92e26ef1e0592d949963bd8e1d404dee) Importer(815301076,1909f56bfc062723c751e8b465ee728b)
Start importing Assets/Prefab/Tile.prefab using Guid(92e26ef1e0592d949963bd8e1d404dee) Importer(815301076,1909f56bfc062723c751e8b465ee728b) (PreviewImporter) -> (artifact id: '45b34a239b52ed07bb79d97f5d1ff62f') in 0.0462871 seconds
Number of updated asset objects reloaded before import = 0Number of asset objects unloaded after import = 11

========================================================================
Received Import Request.
  Time since last request: 67.482629 seconds.
  path: Assets/Prefab/Tile.prefab
  artifactKey: Guid(92e26ef1e0592d949963bd8e1d404dee) Importer(815301076,1909f56bfc062723c751e8b465ee728b)
Start importing Assets/Prefab/Tile.prefab using Guid(92e26ef1e0592d949963bd8e1d404dee) Importer(815301076,1909f56bfc062723c751e8b465ee728b) (PreviewImporter) -> (artifact id: '61fbfb73e2167a046b7bfe6fc039ac5e') in 0.003458 seconds
Number of updated asset objects reloaded before import = 0Number of asset objects unloaded after import = 5

========================================================================
Received Prepare
Begin MonoManager ReloadAssembly
[Licensing::Client] Successfully resolved entitlement details
[Licensing::Module] License group:
  Id: SC-94TA-K8WJ-DDFY-SDRS-XXXX
  Product: Unity Pro
  Type: ULF
  Expiration: 2026-03-25T18:51:37Z
[Licensing::Module] License group:
  Id: 18968259924050-zikryzakwan-UnityProStuXXXX
  Product: Unity Student
  Type: Assigned
  Expiration: 2026-03-19T18:51:37Z
- Loaded All Assemblies, in  1.183 seconds
Refreshing native plugins compatible for Editor in 2.97 ms, found 4 plugins.
Assertion failed on expression: 'pred(*previous, *i)'
Assertion failed on expression: 'pred(*previous, *i)'
Native extension for WindowsStandalone target not found
[Package Manager] Failed to launch server process. Reason: Unity was launched with the -noUpm command-line argument
[Package Manager] Unable to send message (not connected to server process).
[Package Manager] Cannot connect to Unity Package Manager local server
Mono: successfully reloaded assembly
- Finished resetting the current domain, in  1.265 seconds
Domain Reload Profiling: 2452ms
	BeginReloadAssembly (368ms)
		ExecutionOrderSort (0ms)
		DisableScriptedObjects (22ms)
		BackupInstance (0ms)
		ReleaseScriptingObjects (0ms)
		CreateAndSetChildDomain (69ms)
	RebuildCommonClasses (61ms)
	RebuildNativeTypeToScriptingClass (18ms)
	initialDomainReloadingComplete (34ms)
	LoadAllAssembliesAndSetupDomain (705ms)
		LoadAssemblies (563ms)
		RebuildTransferFunctionScriptingTraits (0ms)
		AnalyzeDomain (332ms)
			TypeCache.Refresh (10ms)
				TypeCache.ScanAssembly (0ms)
			BuildScriptInfoCaches (299ms)
			ResolveRequiredComponents (17ms)
	FinalizeReload (1266ms)
		ReleaseScriptCaches (0ms)
		RebuildScriptCaches (0ms)
		SetupLoadedEditorAssemblies (1033ms)
			LogAssemblyErrors (0ms)
			InitializePlatformSupportModulesInManaged (2ms)
			SetLoadedEditorAssemblies (4ms)
			BeforeProcessingInitializeOnLoad (247ms)
			ProcessInitializeOnLoadAttributes (677ms)
			ProcessInitializeOnLoadMethodAttributes (99ms)
			AfterProcessingInitializeOnLoad (4ms)
			EditorAssembliesLoaded (0ms)
		ExecutionOrderSort2 (0ms)
		AwakeInstancesAfterBackupRestoration (26ms)
Refreshing native plugins compatible for Editor in 3.30 ms, found 4 plugins.
Preloading 0 native plugins for Editor in 0.00 ms.
Unloading 16 Unused Serialized files (Serialized files now loaded: 0)
Unloading 6870 unused Assets / (4.6 MB). Loaded Objects now: 7849.
Memory consumption went from 157.5 MB to 152.9 MB.
Total: 14.020900 ms (FindLiveObjects: 1.327800 ms CreateObjectMapping: 0.705200 ms MarkObjects: 7.700500 ms  DeleteObjects: 4.285600 ms)

Prepare: number of updated asset objects reloaded= 0
========================================================================
Received Prepare
Refreshing native plugins compatible for Editor in 2.59 ms, found 4 plugins.
Preloading 0 native plugins for Editor in 0.00 ms.
Unloading 16 Unused Serialized files (Serialized files now loaded: 0)
Unloading 6860 unused Assets / (5.3 MB). Loaded Objects now: 7849.
Memory consumption went from 157.6 MB to 152.4 MB.
Total: 16.134200 ms (FindLiveObjects: 1.206800 ms CreateObjectMapping: 0.859900 ms MarkObjects: 9.695300 ms  DeleteObjects: 4.369800 ms)

Prepare: number of updated asset objects reloaded= 0
========================================================================
Received Prepare
Refreshing native plugins compatible for Editor in 7.67 ms, found 4 plugins.
Preloading 0 native plugins for Editor in 0.00 ms.
Unloading 16 Unused Serialized files (Serialized files now loaded: 0)
Unloading 6860 unused Assets / (3.6 MB). Loaded Objects now: 7849.
Memory consumption went from 157.6 MB to 154.1 MB.
Total: 112.257300 ms (FindLiveObjects: 43.633700 ms CreateObjectMapping: 49.242300 ms MarkObjects: 14.838600 ms  DeleteObjects: 4.539700 ms)

Prepare: number of updated asset objects reloaded= 0
========================================================================
Received Prepare
Begin MonoManager ReloadAssembly
[Licensing::Client] Successfully resolved entitlement details
[Licensing::Module] License group:
  Id: SC-94TA-K8WJ-DDFY-SDRS-XXXX
  Product: Unity Pro
  Type: ULF
  Expiration: 2026-03-25T18:51:37Z
[Licensing::Module] License group:
  Id: 18968259924050-zikryzakwan-UnityProStuXXXX
  Product: Unity Student
  Type: Assigned
  Expiration: 2026-03-19T18:51:37Z
- Loaded All Assemblies, in  1.242 seconds
Refreshing native plugins compatible for Editor in 3.11 ms, found 4 plugins.
Assertion failed on expression: 'pred(*previous, *i)'
Assertion failed on expression: 'pred(*previous, *i)'
Native extension for WindowsStandalone target not found
[Package Manager] Failed to launch server process. Reason: Unity was launched with the -noUpm command-line argument
[Package Manager] Unable to send message (not connected to server process).
[Package Manager] Cannot connect to Unity Package Manager local server
Mono: successfully reloaded assembly
- Finished resetting the current domain, in  1.200 seconds
Domain Reload Profiling: 2447ms
	BeginReloadAssembly (443ms)
		ExecutionOrderSort (0ms)
		DisableScriptedObjects (19ms)
		BackupInstance (0ms)
		ReleaseScriptingObjects (0ms)
		CreateAndSetChildDomain (96ms)
	RebuildCommonClasses (62ms)
	RebuildNativeTypeToScriptingClass (21ms)
	initialDomainReloadingComplete (41ms)
	LoadAllAssembliesAndSetupDomain (679ms)
		LoadAssemblies (617ms)
		RebuildTransferFunctionScriptingTraits (0ms)
		AnalyzeDomain (290ms)
			TypeCache.Refresh (9ms)
				TypeCache.ScanAssembly (0ms)
			BuildScriptInfoCaches (260ms)
			ResolveRequiredComponents (15ms)
	FinalizeReload (1200ms)
		ReleaseScriptCaches (0ms)
		RebuildScriptCaches (0ms)
		SetupLoadedEditorAssemblies (972ms)
			LogAssemblyErrors (0ms)
			InitializePlatformSupportModulesInManaged (2ms)
			SetLoadedEditorAssemblies (7ms)
			BeforeProcessingInitializeOnLoad (227ms)
			ProcessInitializeOnLoadAttributes (624ms)
			ProcessInitializeOnLoadMethodAttributes (108ms)
			AfterProcessingInitializeOnLoad (4ms)
			EditorAssembliesLoaded (1ms)
		ExecutionOrderSort2 (0ms)
		AwakeInstancesAfterBackupRestoration (31ms)
Refreshing native plugins compatible for Editor in 3.27 ms, found 4 plugins.
Preloading 0 native plugins for Editor in 0.00 ms.
Unloading 16 Unused Serialized files (Serialized files now loaded: 0)
Unloading 6870 unused Assets / (3.7 MB). Loaded Objects now: 7852.
Memory consumption went from 157.5 MB to 153.8 MB.
Total: 12.614800 ms (FindLiveObjects: 1.479700 ms CreateObjectMapping: 1.286300 ms MarkObjects: 7.193700 ms  DeleteObjects: 2.653000 ms)

Prepare: number of updated asset objects reloaded= 0
========================================================================
Received Import Request.
  Time since last request: 236.999264 seconds.
  path: Assets/Prefab/Tile.prefab
  artifactKey: Guid(92e26ef1e0592d949963bd8e1d404dee) Importer(815301076,1909f56bfc062723c751e8b465ee728b)
Start importing Assets/Prefab/Tile.prefab using Guid(92e26ef1e0592d949963bd8e1d404dee) Importer(815301076,1909f56bfc062723c751e8b465ee728b) (PreviewImporter) -> (artifact id: '1c93150618aaaee90f836d1898815384') in 0.0647293 seconds
Number of updated asset objects reloaded before import = 0Number of asset objects unloaded after import = 6

========================================================================
Received Import Request.
  Time since last request: 17.006236 seconds.
  path: Assets/Scripts/GridManager.cs
  artifactKey: Guid(bd9d52ad9e0cca54cb280507018fca0c) Importer(2089858483,b0f066a214c2f5e87bad3c948f4d605d)
Start importing Assets/Scripts/GridManager.cs using Guid(bd9d52ad9e0cca54cb280507018fca0c) Importer(2089858483,b0f066a214c2f5e87bad3c948f4d605d) (ScriptedImporter) -> (artifact id: '18e3ed804b407c84cc1b9e532ba199e0') in 0.0818638 seconds
Number of updated asset objects reloaded before import = 0Number of asset objects unloaded after import = 0

========================================================================
Received Import Request.
  Time since last request: 0.000038 seconds.
  path: Assets/Scenes/SampleScene.unity
  artifactKey: Guid(8c9cfa26abfee488c85f1582747f6a02) Importer(2089858483,b0f066a214c2f5e87bad3c948f4d605d)
Start importing Assets/Scenes/SampleScene.unity using Guid(8c9cfa26abfee488c85f1582747f6a02) Importer(2089858483,b0f066a214c2f5e87bad3c948f4d605d) (ScriptedImporter) -> (artifact id: 'f51f2a861cb97ba482a9489bf10104cd') in 0.0079248 seconds
Number of updated asset objects reloaded before import = 0Number of asset objects unloaded after import = 1

========================================================================
Received Import Request.
  Time since last request: 19.159478 seconds.
  path: Assets/Prefab/Tile.png
  artifactKey: Guid(55ad5e949fa335f498e771433fa785ba) Importer(815301076,1909f56bfc062723c751e8b465ee728b)
Start importing Assets/Prefab/Tile.png using Guid(55ad5e949fa335f498e771433fa785ba) Importer(815301076,1909f56bfc062723c751e8b465ee728b) (PreviewImporter) -> (artifact id: 'e906183397876181ceee49c21cf90f32') in 0.0837664 seconds
Number of updated asset objects reloaded before import = 0Number of asset objects unloaded after import = 3

========================================================================
Received Import Request.
  Time since last request: 0.793562 seconds.
  path: Assets/Prefab/Tile.png
  artifactKey: Guid(55ad5e949fa335f498e771433fa785ba) Importer(2089858483,b0f066a214c2f5e87bad3c948f4d605d)
Start importing Assets/Prefab/Tile.png using Guid(55ad5e949fa335f498e771433fa785ba) Importer(2089858483,b0f066a214c2f5e87bad3c948f4d605d) (ScriptedImporter) -> (artifact id: '18c8d5e618b926a449dd3856fb1d3758') in 0.0761626 seconds
Number of updated asset objects reloaded before import = 0Number of asset objects unloaded after import = 3

========================================================================
Received Import Request.
  Time since last request: 32.032604 seconds.
  path: Assets/Prefab/Square.prefab
  artifactKey: Guid(ea4697706b6d61148bd3681938bb4180) Importer(815301076,1909f56bfc062723c751e8b465ee728b)
Start importing Assets/Prefab/Square.prefab using Guid(ea4697706b6d61148bd3681938bb4180) Importer(815301076,1909f56bfc062723c751e8b465ee728b) (PreviewImporter) -> (artifact id: '05f00b11de4e7332f0abcb35d62683e3') in 0.0023678 seconds
Number of updated asset objects reloaded before import = 0Number of asset objects unloaded after import = 6

========================================================================
Received Import Request.
  Time since last request: 0.912027 seconds.
  path: Assets/Prefab/Square.prefab
  artifactKey: Guid(ea4697706b6d61148bd3681938bb4180) Importer(2089858483,b0f066a214c2f5e87bad3c948f4d605d)
Start importing Assets/Prefab/Square.prefab using Guid(ea4697706b6d61148bd3681938bb4180) Importer(2089858483,b0f066a214c2f5e87bad3c948f4d605d) (ScriptedImporter) -> (artifact id: '07913ea9311f126d7c43c4a35db520a9') in 0.060991 seconds
Number of updated asset objects reloaded before import = 0Number of asset objects unloaded after import = 6

========================================================================
Received Import Request.
  Time since last request: 28.990829 seconds.
  path: Assets/Prefab/Tile.prefab
  artifactKey: Guid(92e26ef1e0592d949963bd8e1d404dee) Importer(815301076,1909f56bfc062723c751e8b465ee728b)
Start importing Assets/Prefab/Tile.prefab using Guid(92e26ef1e0592d949963bd8e1d404dee) Importer(815301076,1909f56bfc062723c751e8b465ee728b) (PreviewImporter) -> (artifact id: '46cc226c790e3dd2258aa4c3c7ae536b') in 0.4116285 seconds
Number of updated asset objects reloaded before import = 0Number of asset objects unloaded after import = 8

========================================================================
Received Import Request.
  Time since last request: 0.507859 seconds.
  path: Assets/Prefab/Tile.prefab
  artifactKey: Guid(92e26ef1e0592d949963bd8e1d404dee) Importer(2089858483,b0f066a214c2f5e87bad3c948f4d605d)
Start importing Assets/Prefab/Tile.prefab using Guid(92e26ef1e0592d949963bd8e1d404dee) Importer(2089858483,b0f066a214c2f5e87bad3c948f4d605d) (ScriptedImporter) -> (artifact id: 'e619b9ad8f1d31dedf69113d7289bd55') in 0.0097262 seconds
Number of updated asset objects reloaded before import = 0Number of asset objects unloaded after import = 8

========================================================================
Received Import Request.
  Time since last request: 26.065584 seconds.
  path: Assets/Prefab/Tile.prefab
  artifactKey: Guid(92e26ef1e0592d949963bd8e1d404dee) Importer(815301076,1909f56bfc062723c751e8b465ee728b)
Start importing Assets/Prefab/Tile.prefab using Guid(92e26ef1e0592d949963bd8e1d404dee) Importer(815301076,1909f56bfc062723c751e8b465ee728b) (PreviewImporter) -> (artifact id: 'f5d21975c36e0fb53f764fbc6fdcea07') in 0.0097218 seconds
Number of updated asset objects reloaded before import = 0Number of asset objects unloaded after import = 8

========================================================================
Received Import Request.
  Time since last request: 0.764984 seconds.
  path: Assets/Prefab/Tile.prefab
  artifactKey: Guid(92e26ef1e0592d949963bd8e1d404dee) Importer(815301076,1909f56bfc062723c751e8b465ee728b)
Start importing Assets/Prefab/Tile.prefab using Guid(92e26ef1e0592d949963bd8e1d404dee) Importer(815301076,1909f56bfc062723c751e8b465ee728b) (PreviewImporter) -> (artifact id: '55f61911cb088bf51c96e5c8d1f80e3a') in 0.0355705 seconds
Number of updated asset objects reloaded before import = 0Number of asset objects unloaded after import = 8

========================================================================
Received Import Request.
  Time since last request: 0.875490 seconds.
  path: Assets/Prefab/Tile.prefab
  artifactKey: Guid(92e26ef1e0592d949963bd8e1d404dee) Importer(2089858483,b0f066a214c2f5e87bad3c948f4d605d)
Start importing Assets/Prefab/Tile.prefab using Guid(92e26ef1e0592d949963bd8e1d404dee) Importer(2089858483,b0f066a214c2f5e87bad3c948f4d605d) (ScriptedImporter) -> (artifact id: '69303d252097ab383dd86e7856cc54c3') in 0.0092634 seconds
Number of updated asset objects reloaded before import = 0Number of asset objects unloaded after import = 8

========================================================================
Received Import Request.
  Time since last request: 6.950770 seconds.
  path: Assets/Scenes/SampleScene.unity
  artifactKey: Guid(8c9cfa26abfee488c85f1582747f6a02) Importer(2089858483,b0f066a214c2f5e87bad3c948f4d605d)
Start importing Assets/Scenes/SampleScene.unity using Guid(8c9cfa26abfee488c85f1582747f6a02) Importer(2089858483,b0f066a214c2f5e87bad3c948f4d605d) (ScriptedImporter) -> (artifact id: 'f5a9fafefb8597416ea9da5eddeb5ae4') in 0.0061073 seconds
Number of updated asset objects reloaded before import = 0Number of asset objects unloaded after import = 1

========================================================================
Received Import Request.
  Time since last request: 205.833607 seconds.
  path: Assets/Prefab/Tile.prefab
  artifactKey: Guid(92e26ef1e0592d949963bd8e1d404dee) Importer(815301076,1909f56bfc062723c751e8b465ee728b)
Start importing Assets/Prefab/Tile.prefab using Guid(92e26ef1e0592d949963bd8e1d404dee) Importer(815301076,1909f56bfc062723c751e8b465ee728b) (PreviewImporter) -> (artifact id: 'eaf67c682820456243b2fc3d6c2e8404') in 0.0106429 seconds
Number of updated asset objects reloaded before import = 0Number of asset objects unloaded after import = 11

========================================================================
Received Import Request.
  Time since last request: 0.892332 seconds.
  path: Assets/Prefab/Tile.prefab
  artifactKey: Guid(92e26ef1e0592d949963bd8e1d404dee) Importer(2089858483,b0f066a214c2f5e87bad3c948f4d605d)
Start importing Assets/Prefab/Tile.prefab using Guid(92e26ef1e0592d949963bd8e1d404dee) Importer(2089858483,b0f066a214c2f5e87bad3c948f4d605d) (ScriptedImporter) -> (artifact id: 'f3387677d89f2aba01f6a96d5518a966') in 0.009267 seconds
Number of updated asset objects reloaded before import = 0Number of asset objects unloaded after import = 11

========================================================================
Received Import Request.
  Time since last request: 3.659651 seconds.
  path: Assets/Prefab/Tile.prefab
  artifactKey: Guid(92e26ef1e0592d949963bd8e1d404dee) Importer(815301076,1909f56bfc062723c751e8b465ee728b)
Start importing Assets/Prefab/Tile.prefab using Guid(92e26ef1e0592d949963bd8e1d404dee) Importer(815301076,1909f56bfc062723c751e8b465ee728b) (PreviewImporter) -> (artifact id: '3fa4f5d13cf952a89ac2191613abf03a') in 0.008213 seconds
Number of updated asset objects reloaded before import = 0Number of asset objects unloaded after import = 11

========================================================================
Received Import Request.
  Time since last request: 2.018561 seconds.
  path: Assets/Prefab/Tile.prefab
  artifactKey: Guid(92e26ef1e0592d949963bd8e1d404dee) Importer(2089858483,b0f066a214c2f5e87bad3c948f4d605d)
Start importing Assets/Prefab/Tile.prefab using Guid(92e26ef1e0592d949963bd8e1d404dee) Importer(2089858483,b0f066a214c2f5e87bad3c948f4d605d) (ScriptedImporter) -> (artifact id: 'b6ca13e3e57178349f3b93826d9ef6b1') in 0.0123805 seconds
Number of updated asset objects reloaded before import = 0Number of asset objects unloaded after import = 11

========================================================================
Received Import Request.
  Time since last request: 1.197405 seconds.
  path: Assets/Prefab/Tile.prefab
  artifactKey: Guid(92e26ef1e0592d949963bd8e1d404dee) Importer(815301076,1909f56bfc062723c751e8b465ee728b)
Start importing Assets/Prefab/Tile.prefab using Guid(92e26ef1e0592d949963bd8e1d404dee) Importer(815301076,1909f56bfc062723c751e8b465ee728b) (PreviewImporter) -> (artifact id: '044c010fd1e64ffa331ecb81d8129ae8') in 0.009614 seconds
Number of updated asset objects reloaded before import = 0Number of asset objects unloaded after import = 11

========================================================================
Received Import Request.
  Time since last request: 3.571713 seconds.
  path: Assets/Prefab/Tile.prefab
  artifactKey: Guid(92e26ef1e0592d949963bd8e1d404dee) Importer(2089858483,b0f066a214c2f5e87bad3c948f4d605d)
Start importing Assets/Prefab/Tile.prefab using Guid(92e26ef1e0592d949963bd8e1d404dee) Importer(2089858483,b0f066a214c2f5e87bad3c948f4d605d) (ScriptedImporter) -> (artifact id: '7f92d0b34853e92dee340d549a47dff8') in 0.1880575 seconds
Number of updated asset objects reloaded before import = 0Number of asset objects unloaded after import = 11

========================================================================
Received Import Request.
  Time since last request: 4.897200 seconds.
  path: Assets/Prefab/Tile.prefab
  artifactKey: Guid(92e26ef1e0592d949963bd8e1d404dee) Importer(815301076,1909f56bfc062723c751e8b465ee728b)
Start importing Assets/Prefab/Tile.prefab using Guid(92e26ef1e0592d949963bd8e1d404dee) Importer(815301076,1909f56bfc062723c751e8b465ee728b) (PreviewImporter) -> (artifact id: '2eda42fd22f5cffc15819ddd52ae21ce') in 0.0073213 seconds
Number of updated asset objects reloaded before import = 0Number of asset objects unloaded after import = 11

========================================================================
Received Import Request.
  Time since last request: 0.975951 seconds.
  path: Assets/Prefab/Tile.prefab
  artifactKey: Guid(92e26ef1e0592d949963bd8e1d404dee) Importer(2089858483,b0f066a214c2f5e87bad3c948f4d605d)
Start importing Assets/Prefab/Tile.prefab using Guid(92e26ef1e0592d949963bd8e1d404dee) Importer(2089858483,b0f066a214c2f5e87bad3c948f4d605d) (ScriptedImporter) -> (artifact id: 'cb810d8634cfa01aa03b021155430ab0') in 0.0107143 seconds
Number of updated asset objects reloaded before import = 0Number of asset objects unloaded after import = 11

========================================================================
Received Import Request.
  Time since last request: 4.151578 seconds.
  path: Assets/Prefab/Tile.prefab
  artifactKey: Guid(92e26ef1e0592d949963bd8e1d404dee) Importer(815301076,1909f56bfc062723c751e8b465ee728b)
Start importing Assets/Prefab/Tile.prefab using Guid(92e26ef1e0592d949963bd8e1d404dee) Importer(815301076,1909f56bfc062723c751e8b465ee728b) (PreviewImporter) -> (artifact id: 'e6a4faae43948666f73ce166abf126cd') in 0.0084239 seconds
Number of updated asset objects reloaded before import = 0Number of asset objects unloaded after import = 11

========================================================================
Received Import Request.
  Time since last request: 0.646926 seconds.
  path: Assets/Prefab/Tile.prefab
  artifactKey: Guid(92e26ef1e0592d949963bd8e1d404dee) Importer(815301076,1909f56bfc062723c751e8b465ee728b)
Start importing Assets/Prefab/Tile.prefab using Guid(92e26ef1e0592d949963bd8e1d404dee) Importer(815301076,1909f56bfc062723c751e8b465ee728b) (PreviewImporter) -> (artifact id: '04b2a1c223e8f51ae99aeeb2ffd6ac8a') in 0.0085677 seconds
Number of updated asset objects reloaded before import = 0Number of asset objects unloaded after import = 11

========================================================================
Received Import Request.
  Time since last request: 1.389374 seconds.
  path: Assets/Prefab/Tile.prefab
  artifactKey: Guid(92e26ef1e0592d949963bd8e1d404dee) Importer(2089858483,b0f066a214c2f5e87bad3c948f4d605d)
Start importing Assets/Prefab/Tile.prefab using Guid(92e26ef1e0592d949963bd8e1d404dee) Importer(2089858483,b0f066a214c2f5e87bad3c948f4d605d) (ScriptedImporter) -> (artifact id: '0b4859380a771a3d62f9a60c00411a3b') in 0.0088787 seconds
Number of updated asset objects reloaded before import = 0Number of asset objects unloaded after import = 11

========================================================================
Received Import Request.
  Time since last request: 0.603389 seconds.
  path: Assets/Prefab/Tile.prefab
  artifactKey: Guid(92e26ef1e0592d949963bd8e1d404dee) Importer(815301076,1909f56bfc062723c751e8b465ee728b)
Start importing Assets/Prefab/Tile.prefab using Guid(92e26ef1e0592d949963bd8e1d404dee) Importer(815301076,1909f56bfc062723c751e8b465ee728b) (PreviewImporter) -> (artifact id: '67d0eaf77ef796a85b2f608ab2059f93') in 0.031759 seconds
Number of updated asset objects reloaded before import = 0Number of asset objects unloaded after import = 11

========================================================================
Received Import Request.
  Time since last request: 0.887607 seconds.
  path: Assets/Prefab/Tile.prefab
  artifactKey: Guid(92e26ef1e0592d949963bd8e1d404dee) Importer(2089858483,b0f066a214c2f5e87bad3c948f4d605d)
Start importing Assets/Prefab/Tile.prefab using Guid(92e26ef1e0592d949963bd8e1d404dee) Importer(2089858483,b0f066a214c2f5e87bad3c948f4d605d) (ScriptedImporter) -> (artifact id: 'b9930cefa92fff5adb082b59c3ab9717') in 0.011037 seconds
Number of updated asset objects reloaded before import = 0Number of asset objects unloaded after import = 11

========================================================================
Received Import Request.
  Time since last request: 0.623927 seconds.
  path: Assets/Prefab/Tile.prefab
  artifactKey: Guid(92e26ef1e0592d949963bd8e1d404dee) Importer(815301076,1909f56bfc062723c751e8b465ee728b)
Start importing Assets/Prefab/Tile.prefab using Guid(92e26ef1e0592d949963bd8e1d404dee) Importer(815301076,1909f56bfc062723c751e8b465ee728b) (PreviewImporter) -> (artifact id: '177d8d0c4112c6414bf94df6a9d83b5c') in 0.0111563 seconds
Number of updated asset objects reloaded before import = 0Number of asset objects unloaded after import = 11

========================================================================
Received Import Request.
  Time since last request: 1.021885 seconds.
  path: Assets/Prefab/Tile.prefab
  artifactKey: Guid(92e26ef1e0592d949963bd8e1d404dee) Importer(2089858483,b0f066a214c2f5e87bad3c948f4d605d)
Start importing Assets/Prefab/Tile.prefab using Guid(92e26ef1e0592d949963bd8e1d404dee) Importer(2089858483,b0f066a214c2f5e87bad3c948f4d605d) (ScriptedImporter) -> (artifact id: '81c9d8df3a0c958daff819c327177436') in 0.0108957 seconds
Number of updated asset objects reloaded before import = 0Number of asset objects unloaded after import = 11

========================================================================
Received Import Request.
  Time since last request: 2.617971 seconds.
  path: Assets/Prefab/Tile.prefab
  artifactKey: Guid(92e26ef1e0592d949963bd8e1d404dee) Importer(815301076,1909f56bfc062723c751e8b465ee728b)
Start importing Assets/Prefab/Tile.prefab using Guid(92e26ef1e0592d949963bd8e1d404dee) Importer(815301076,1909f56bfc062723c751e8b465ee728b) (PreviewImporter) -> (artifact id: '7f89f4899a99805f055c2a40b66ba8a7') in 0.0087258 seconds
Number of updated asset objects reloaded before import = 0Number of asset objects unloaded after import = 11

========================================================================
Received Import Request.
  Time since last request: 0.909974 seconds.
  path: Assets/Prefab/Tile.prefab
  artifactKey: Guid(92e26ef1e0592d949963bd8e1d404dee) Importer(2089858483,b0f066a214c2f5e87bad3c948f4d605d)
Start importing Assets/Prefab/Tile.prefab using Guid(92e26ef1e0592d949963bd8e1d404dee) Importer(2089858483,b0f066a214c2f5e87bad3c948f4d605d) (ScriptedImporter) -> (artifact id: '967e1fe73f4832be7d9411d18e674d97') in 0.0115074 seconds
Number of updated asset objects reloaded before import = 0Number of asset objects unloaded after import = 11

========================================================================
Received Import Request.
  Time since last request: 0.288388 seconds.
  path: Assets/Prefab/Tile.prefab
  artifactKey: Guid(92e26ef1e0592d949963bd8e1d404dee) Importer(815301076,1909f56bfc062723c751e8b465ee728b)
Start importing Assets/Prefab/Tile.prefab using Guid(92e26ef1e0592d949963bd8e1d404dee) Importer(815301076,1909f56bfc062723c751e8b465ee728b) (PreviewImporter) -> (artifact id: '08b4fb26ed8b04c226a47c35d0b1bf6d') in 0.1269908 seconds
Number of updated asset objects reloaded before import = 0Number of asset objects unloaded after import = 11

========================================================================
Received Prepare
Begin MonoManager ReloadAssembly
[Licensing::Client] Successfully resolved entitlement details
[Licensing::Module] License group:
  Id: SC-94TA-K8WJ-DDFY-SDRS-XXXX
  Product: Unity Pro
  Type: ULF
  Expiration: 2026-03-25T18:51:37Z
[Licensing::Module] License group:
  Id: 18968259924050-zikryzakwan-UnityProStuXXXX
  Product: Unity Student
  Type: Assigned
  Expiration: 2026-03-19T18:51:37Z
- Loaded All Assemblies, in  1.071 seconds
Refreshing native plugins compatible for Editor in 2.53 ms, found 4 plugins.
Assertion failed on expression: 'pred(*previous, *i)'
Assertion failed on expression: 'pred(*previous, *i)'
Native extension for WindowsStandalone target not found
[Package Manager] Failed to launch server process. Reason: Unity was launched with the -noUpm command-line argument
[Package Manager] Unable to send message (not connected to server process).
[Package Manager] Cannot connect to Unity Package Manager local server
Mono: successfully reloaded assembly
- Finished resetting the current domain, in  1.220 seconds
Domain Reload Profiling: 2296ms
	BeginReloadAssembly (378ms)
		ExecutionOrderSort (0ms)
		DisableScriptedObjects (39ms)
		BackupInstance (0ms)
		ReleaseScriptingObjects (0ms)
		CreateAndSetChildDomain (83ms)
	RebuildCommonClasses (50ms)
	RebuildNativeTypeToScriptingClass (17ms)
	initialDomainReloadingComplete (32ms)
	LoadAllAssembliesAndSetupDomain (597ms)
		LoadAssemblies (527ms)
		RebuildTransferFunctionScriptingTraits (0ms)
		AnalyzeDomain (251ms)
			TypeCache.Refresh (8ms)
				TypeCache.ScanAssembly (0ms)
			BuildScriptInfoCaches (225ms)
			ResolveRequiredComponents (13ms)
	FinalizeReload (1221ms)
		ReleaseScriptCaches (0ms)
		RebuildScriptCaches (0ms)
		SetupLoadedEditorAssemblies (1006ms)
			LogAssemblyErrors (0ms)
			InitializePlatformSupportModulesInManaged (2ms)
			SetLoadedEditorAssemblies (9ms)
			BeforeProcessingInitializeOnLoad (203ms)
			ProcessInitializeOnLoadAttributes (676ms)
			ProcessInitializeOnLoadMethodAttributes (111ms)
			AfterProcessingInitializeOnLoad (4ms)
			EditorAssembliesLoaded (1ms)
		ExecutionOrderSort2 (0ms)
		AwakeInstancesAfterBackupRestoration (28ms)
Refreshing native plugins compatible for Editor in 3.64 ms, found 4 plugins.
Preloading 0 native plugins for Editor in 0.00 ms.
Unloading 16 Unused Serialized files (Serialized files now loaded: 0)
Unloading 6870 unused Assets / (4.2 MB). Loaded Objects now: 7875.
Memory consumption went from 157.7 MB to 153.5 MB.
Total: 14.145700 ms (FindLiveObjects: 1.558400 ms CreateObjectMapping: 0.540000 ms MarkObjects: 8.968800 ms  DeleteObjects: 3.076800 ms)

Prepare: number of updated asset objects reloaded= 0
========================================================================
Received Import Request.
  Time since last request: 41.684244 seconds.
  path: Assets/Prefab/Tile.prefab
  artifactKey: Guid(92e26ef1e0592d949963bd8e1d404dee) Importer(815301076,1909f56bfc062723c751e8b465ee728b)
Start importing Assets/Prefab/Tile.prefab using Guid(92e26ef1e0592d949963bd8e1d404dee) Importer(815301076,1909f56bfc062723c751e8b465ee728b) (PreviewImporter) -> (artifact id: '9d336c671348f1ccd75d0c78647dc6e3') in 0.4516156 seconds
Number of updated asset objects reloaded before import = 0Number of asset objects unloaded after import = 11

========================================================================
Received Prepare
Begin MonoManager ReloadAssembly
- Loaded All Assemblies, in  1.068 seconds
Refreshing native plugins compatible for Editor in 2.36 ms, found 4 plugins.
Assertion failed on expression: 'pred(*previous, *i)'
Assertion failed on expression: 'pred(*previous, *i)'
Native extension for WindowsStandalone target not found
[Package Manager] Failed to launch server process. Reason: Unity was launched with the -noUpm command-line argument
[Package Manager] Unable to send message (not connected to server process).
[Package Manager] Cannot connect to Unity Package Manager local server
Mono: successfully reloaded assembly
- Finished resetting the current domain, in  1.256 seconds
Domain Reload Profiling: 2328ms
	BeginReloadAssembly (378ms)
		ExecutionOrderSort (0ms)
		DisableScriptedObjects (34ms)
		BackupInstance (0ms)
		ReleaseScriptingObjects (0ms)
		CreateAndSetChildDomain (78ms)
	RebuildCommonClasses (51ms)
	RebuildNativeTypeToScriptingClass (21ms)
	initialDomainReloadingComplete (31ms)
	LoadAllAssembliesAndSetupDomain (589ms)
		LoadAssemblies (535ms)
		RebuildTransferFunctionScriptingTraits (0ms)
		AnalyzeDomain (249ms)
			TypeCache.Refresh (8ms)
				TypeCache.ScanAssembly (0ms)
			BuildScriptInfoCaches (225ms)
			ResolveRequiredComponents (12ms)
	FinalizeReload (1257ms)
		ReleaseScriptCaches (0ms)
		RebuildScriptCaches (0ms)
		SetupLoadedEditorAssemblies (1043ms)
			LogAssemblyErrors (0ms)
			InitializePlatformSupportModulesInManaged (2ms)
			SetLoadedEditorAssemblies (6ms)
			BeforeProcessingInitializeOnLoad (218ms)
			ProcessInitializeOnLoadAttributes (690ms)
			ProcessInitializeOnLoadMethodAttributes (123ms)
			AfterProcessingInitializeOnLoad (4ms)
			EditorAssembliesLoaded (1ms)
		ExecutionOrderSort2 (0ms)
		AwakeInstancesAfterBackupRestoration (26ms)
Refreshing native plugins compatible for Editor in 3.09 ms, found 4 plugins.
Preloading 0 native plugins for Editor in 0.00 ms.
Unloading 16 Unused Serialized files (Serialized files now loaded: 0)
Unloading 6870 unused Assets / (4.6 MB). Loaded Objects now: 7898.
Memory consumption went from 157.8 MB to 153.2 MB.
Total: 14.105200 ms (FindLiveObjects: 1.249600 ms CreateObjectMapping: 0.566100 ms MarkObjects: 8.058900 ms  DeleteObjects: 4.227800 ms)

Prepare: number of updated asset objects reloaded= 0
========================================================================
Received Import Request.
  Time since last request: 37.406291 seconds.
  path: Assets/Prefab/Tile.prefab
  artifactKey: Guid(92e26ef1e0592d949963bd8e1d404dee) Importer(815301076,1909f56bfc062723c751e8b465ee728b)
Start importing Assets/Prefab/Tile.prefab using Guid(92e26ef1e0592d949963bd8e1d404dee) Importer(815301076,1909f56bfc062723c751e8b465ee728b) (PreviewImporter) -> (artifact id: '9431f7086d5eefc7c88bb4c01e207e51') in 0.5399276 seconds
Number of updated asset objects reloaded before import = 0Number of asset objects unloaded after import = 12

========================================================================
Received Prepare
Begin MonoManager ReloadAssembly
[Licensing::Client] Successfully resolved entitlement details
[Licensing::Module] License group:
  Id: SC-94TA-K8WJ-DDFY-SDRS-XXXX
  Product: Unity Pro
  Type: ULF
  Expiration: 2026-03-25T18:51:37Z
[Licensing::Module] License group:
  Id: 18968259924050-zikryzakwan-UnityProStuXXXX
  Product: Unity Student
  Type: Assigned
  Expiration: 2026-03-19T18:51:37Z
- Loaded All Assemblies, in  1.027 seconds
Refreshing native plugins compatible for Editor in 2.44 ms, found 4 plugins.
Assertion failed on expression: 'pred(*previous, *i)'
Assertion failed on expression: 'pred(*previous, *i)'
Native extension for WindowsStandalone target not found
[Package Manager] Failed to launch server process. Reason: Unity was launched with the -noUpm command-line argument
[Package Manager] Unable to send message (not connected to server process).
[Package Manager] Cannot connect to Unity Package Manager local server
Mono: successfully reloaded assembly
- Finished resetting the current domain, in  1.269 seconds
Domain Reload Profiling: 2299ms
	BeginReloadAssembly (374ms)
		ExecutionOrderSort (0ms)
		DisableScriptedObjects (41ms)
		BackupInstance (0ms)
		ReleaseScriptingObjects (0ms)
		CreateAndSetChildDomain (73ms)
	RebuildCommonClasses (50ms)
	RebuildNativeTypeToScriptingClass (18ms)
	initialDomainReloadingComplete (32ms)
	LoadAllAssembliesAndSetupDomain (556ms)
		LoadAssemblies (504ms)
		RebuildTransferFunctionScriptingTraits (0ms)
		AnalyzeDomain (233ms)
			TypeCache.Refresh (8ms)
				TypeCache.ScanAssembly (0ms)
			BuildScriptInfoCaches (208ms)
			ResolveRequiredComponents (12ms)
	FinalizeReload (1269ms)
		ReleaseScriptCaches (0ms)
		RebuildScriptCaches (0ms)
		SetupLoadedEditorAssemblies (1049ms)
			LogAssemblyErrors (0ms)
			InitializePlatformSupportModulesInManaged (2ms)
			SetLoadedEditorAssemblies (8ms)
			BeforeProcessingInitializeOnLoad (198ms)
			ProcessInitializeOnLoadAttributes (733ms)
			ProcessInitializeOnLoadMethodAttributes (103ms)
			AfterProcessingInitializeOnLoad (4ms)
			EditorAssembliesLoaded (1ms)
		ExecutionOrderSort2 (0ms)
		AwakeInstancesAfterBackupRestoration (25ms)
Refreshing native plugins compatible for Editor in 3.19 ms, found 4 plugins.
Preloading 0 native plugins for Editor in 0.00 ms.
Unloading 16 Unused Serialized files (Serialized files now loaded: 0)
Unloading 6870 unused Assets / (4.7 MB). Loaded Objects now: 7921.
Memory consumption went from 157.8 MB to 153.1 MB.
Total: 13.503900 ms (FindLiveObjects: 1.343400 ms CreateObjectMapping: 0.554000 ms MarkObjects: 7.751400 ms  DeleteObjects: 3.853500 ms)

Prepare: number of updated asset objects reloaded= 0
========================================================================
Received Prepare
Refreshing native plugins compatible for Editor in 3.15 ms, found 4 plugins.
Preloading 0 native plugins for Editor in 0.00 ms.
Unloading 16 Unused Serialized files (Serialized files now loaded: 0)
Unloading 6860 unused Assets / (3.5 MB). Loaded Objects now: 7921.
Memory consumption went from 157.9 MB to 154.3 MB.
Total: 15.730600 ms (FindLiveObjects: 1.708600 ms CreateObjectMapping: 1.432400 ms MarkObjects: 9.712300 ms  DeleteObjects: 2.875500 ms)

Prepare: number of updated asset objects reloaded= 0
========================================================================
Received Prepare
Refreshing native plugins compatible for Editor in 4.12 ms, found 4 plugins.
Preloading 0 native plugins for Editor in 0.00 ms.
Unloading 16 Unused Serialized files (Serialized files now loaded: 0)
Unloading 6860 unused Assets / (4.6 MB). Loaded Objects now: 7921.
Memory consumption went from 157.9 MB to 153.3 MB.
Total: 19.488700 ms (FindLiveObjects: 1.659900 ms CreateObjectMapping: 1.807200 ms MarkObjects: 10.880400 ms  DeleteObjects: 5.139400 ms)

Prepare: number of updated asset objects reloaded= 0
========================================================================
Received Prepare
Begin MonoManager ReloadAssembly
[Licensing::Client] Successfully resolved entitlement details
[Licensing::Module] License group:
  Id: SC-94TA-K8WJ-DDFY-SDRS-XXXX
  Product: Unity Pro
  Type: ULF
  Expiration: 2026-03-25T18:51:37Z
[Licensing::Module] License group:
  Id: 18968259924050-zikryzakwan-UnityProStuXXXX
  Product: Unity Student
  Type: Assigned
  Expiration: 2026-03-19T18:51:37Z
- Loaded All Assemblies, in  1.045 seconds
Refreshing native plugins compatible for Editor in 2.33 ms, found 4 plugins.
Assertion failed on expression: 'pred(*previous, *i)'
Assertion failed on expression: 'pred(*previous, *i)'
Native extension for WindowsStandalone target not found
[Package Manager] Failed to launch server process. Reason: Unity was launched with the -noUpm command-line argument
[Package Manager] Unable to send message (not connected to server process).
[Package Manager] Cannot connect to Unity Package Manager local server
Mono: successfully reloaded assembly
- Finished resetting the current domain, in  1.165 seconds
Domain Reload Profiling: 2214ms
	BeginReloadAssembly (355ms)
		ExecutionOrderSort (0ms)
		DisableScriptedObjects (21ms)
		BackupInstance (0ms)
		ReleaseScriptingObjects (0ms)
		CreateAndSetChildDomain (71ms)
	RebuildCommonClasses (46ms)
	RebuildNativeTypeToScriptingClass (17ms)
	initialDomainReloadingComplete (37ms)
	LoadAllAssembliesAndSetupDomain (594ms)
		LoadAssemblies (507ms)
		RebuildTransferFunctionScriptingTraits (0ms)
		AnalyzeDomain (263ms)
			TypeCache.Refresh (13ms)
				TypeCache.ScanAssembly (0ms)
			BuildScriptInfoCaches (230ms)
			ResolveRequiredComponents (14ms)
	FinalizeReload (1166ms)
		ReleaseScriptCaches (0ms)
		RebuildScriptCaches (0ms)
		SetupLoadedEditorAssemblies (955ms)
			LogAssemblyErrors (0ms)
			InitializePlatformSupportModulesInManaged (2ms)
			SetLoadedEditorAssemblies (8ms)
			BeforeProcessingInitializeOnLoad (197ms)
			ProcessInitializeOnLoadAttributes (644ms)
			ProcessInitializeOnLoadMethodAttributes (102ms)
			AfterProcessingInitializeOnLoad (3ms)
			EditorAssembliesLoaded (0ms)
		ExecutionOrderSort2 (0ms)
		AwakeInstancesAfterBackupRestoration (23ms)
Refreshing native plugins compatible for Editor in 2.65 ms, found 4 plugins.
Preloading 0 native plugins for Editor in 0.00 ms.
Unloading 16 Unused Serialized files (Serialized files now loaded: 0)
Unloading 6870 unused Assets / (4.3 MB). Loaded Objects now: 7924.
Memory consumption went from 157.7 MB to 153.5 MB.
Total: 13.132200 ms (FindLiveObjects: 1.259100 ms CreateObjectMapping: 0.516500 ms MarkObjects: 8.427900 ms  DeleteObjects: 2.926800 ms)

Prepare: number of updated asset objects reloaded= 0
========================================================================
Received Import Request.
  Time since last request: 120.613191 seconds.
  path: Assets/Prefab/Tile.prefab
  artifactKey: Guid(92e26ef1e0592d949963bd8e1d404dee) Importer(815301076,1909f56bfc062723c751e8b465ee728b)
Start importing Assets/Prefab/Tile.prefab using Guid(92e26ef1e0592d949963bd8e1d404dee) Importer(815301076,1909f56bfc062723c751e8b465ee728b) (PreviewImporter) -> (artifact id: '2fe1c75c8c06fa8e4c080dfbacfc3622') in 0.5010733 seconds
Number of updated asset objects reloaded before import = 0Number of asset objects unloaded after import = 12

========================================================================
Received Import Request.
  Time since last request: 5.198459 seconds.
  path: Assets/Prefab/Tile.prefab
  artifactKey: Guid(92e26ef1e0592d949963bd8e1d404dee) Importer(815301076,1909f56bfc062723c751e8b465ee728b)
Start importing Assets/Prefab/Tile.prefab using Guid(92e26ef1e0592d949963bd8e1d404dee) Importer(815301076,1909f56bfc062723c751e8b465ee728b) (PreviewImporter) -> (artifact id: '459394fd26ee819326c6f9acf4ff7ce9') in 0.008206 seconds
Number of updated asset objects reloaded before import = 0Number of asset objects unloaded after import = 9

========================================================================
Received Import Request.
  Time since last request: 20.841226 seconds.
  path: Assets/Prefab/Tile.prefab
  artifactKey: Guid(92e26ef1e0592d949963bd8e1d404dee) Importer(815301076,1909f56bfc062723c751e8b465ee728b)
Start importing Assets/Prefab/Tile.prefab using Guid(92e26ef1e0592d949963bd8e1d404dee) Importer(815301076,1909f56bfc062723c751e8b465ee728b) (PreviewImporter) -> (artifact id: '4d43edb29cb2bf57aaba9654ca575dab') in 0.0085411 seconds
Number of updated asset objects reloaded before import = 0Number of asset objects unloaded after import = 8

========================================================================
Received Prepare
Begin MonoManager ReloadAssembly
- Loaded All Assemblies, in  1.064 seconds
Refreshing native plugins compatible for Editor in 2.39 ms, found 4 plugins.
Assertion failed on expression: 'pred(*previous, *i)'
Assertion failed on expression: 'pred(*previous, *i)'
Native extension for WindowsStandalone target not found
[Package Manager] Failed to launch server process. Reason: Unity was launched with the -noUpm command-line argument
[Package Manager] Unable to send message (not connected to server process).
[Package Manager] Cannot connect to Unity Package Manager local server
Mono: successfully reloaded assembly
- Finished resetting the current domain, in  1.258 seconds
Domain Reload Profiling: 2324ms
	BeginReloadAssembly (372ms)
		ExecutionOrderSort (0ms)
		DisableScriptedObjects (32ms)
		BackupInstance (0ms)
		ReleaseScriptingObjects (0ms)
		CreateAndSetChildDomain (88ms)
	RebuildCommonClasses (53ms)
	RebuildNativeTypeToScriptingClass (20ms)
	initialDomainReloadingComplete (36ms)
	LoadAllAssembliesAndSetupDomain (585ms)
		LoadAssemblies (526ms)
		RebuildTransferFunctionScriptingTraits (0ms)
		AnalyzeDomain (246ms)
			TypeCache.Refresh (8ms)
				TypeCache.ScanAssembly (0ms)
			BuildScriptInfoCaches (221ms)
			ResolveRequiredComponents (13ms)
	FinalizeReload (1258ms)
		ReleaseScriptCaches (0ms)
		RebuildScriptCaches (0ms)
		SetupLoadedEditorAssemblies (1040ms)
			LogAssemblyErrors (0ms)
			InitializePlatformSupportModulesInManaged (2ms)
			SetLoadedEditorAssemblies (8ms)
			BeforeProcessingInitializeOnLoad (229ms)
			ProcessInitializeOnLoadAttributes (683ms)
			ProcessInitializeOnLoadMethodAttributes (115ms)
			AfterProcessingInitializeOnLoad (4ms)
			EditorAssembliesLoaded (1ms)
		ExecutionOrderSort2 (0ms)
		AwakeInstancesAfterBackupRestoration (29ms)
Refreshing native plugins compatible for Editor in 2.44 ms, found 4 plugins.
Preloading 0 native plugins for Editor in 0.00 ms.
Unloading 16 Unused Serialized files (Serialized files now loaded: 0)
Unloading 6870 unused Assets / (4.3 MB). Loaded Objects now: 7947.
Memory consumption went from 157.9 MB to 153.6 MB.
Total: 13.589700 ms (FindLiveObjects: 1.359800 ms CreateObjectMapping: 0.830800 ms MarkObjects: 8.018100 ms  DeleteObjects: 3.379400 ms)

Prepare: number of updated asset objects reloaded= 0
========================================================================
Received Prepare
Begin MonoManager ReloadAssembly
[Licensing::Client] Successfully resolved entitlement details
[Licensing::Module] License group:
  Id: SC-94TA-K8WJ-DDFY-SDRS-XXXX
  Product: Unity Pro
  Type: ULF
  Expiration: 2026-03-25T18:51:37Z
[Licensing::Module] License group:
  Id: 18968259924050-zikryzakwan-UnityProStuXXXX
  Product: Unity Student
  Type: Assigned
  Expiration: 2026-03-19T18:51:37Z
- Loaded All Assemblies, in  1.015 seconds
Refreshing native plugins compatible for Editor in 2.29 ms, found 4 plugins.
Assertion failed on expression: 'pred(*previous, *i)'
Assertion failed on expression: 'pred(*previous, *i)'
Native extension for WindowsStandalone target not found
[Package Manager] Failed to launch server process. Reason: Unity was launched with the -noUpm command-line argument
[Package Manager] Unable to send message (not connected to server process).
[Package Manager] Cannot connect to Unity Package Manager local server
Mono: successfully reloaded assembly
- Finished resetting the current domain, in  1.154 seconds
Domain Reload Profiling: 2172ms
	BeginReloadAssembly (344ms)
		ExecutionOrderSort (0ms)
		DisableScriptedObjects (17ms)
		BackupInstance (0ms)
		ReleaseScriptingObjects (0ms)
		CreateAndSetChildDomain (68ms)
	RebuildCommonClasses (48ms)
	RebuildNativeTypeToScriptingClass (18ms)
	initialDomainReloadingComplete (33ms)
	LoadAllAssembliesAndSetupDomain (575ms)
		LoadAssemblies (509ms)
		RebuildTransferFunctionScriptingTraits (0ms)
		AnalyzeDomain (247ms)
			TypeCache.Refresh (9ms)
				TypeCache.ScanAssembly (0ms)
			BuildScriptInfoCaches (222ms)
			ResolveRequiredComponents (12ms)
	FinalizeReload (1154ms)
		ReleaseScriptCaches (0ms)
		RebuildScriptCaches (0ms)
		SetupLoadedEditorAssemblies (940ms)
			LogAssemblyErrors (0ms)
			InitializePlatformSupportModulesInManaged (2ms)
			SetLoadedEditorAssemblies (7ms)
			BeforeProcessingInitializeOnLoad (191ms)
			ProcessInitializeOnLoadAttributes (638ms)
			ProcessInitializeOnLoadMethodAttributes (98ms)
			AfterProcessingInitializeOnLoad (4ms)
			EditorAssembliesLoaded (1ms)
		ExecutionOrderSort2 (0ms)
		AwakeInstancesAfterBackupRestoration (29ms)
Refreshing native plugins compatible for Editor in 2.81 ms, found 4 plugins.
Preloading 0 native plugins for Editor in 0.00 ms.
Unloading 16 Unused Serialized files (Serialized files now loaded: 0)
Unloading 6870 unused Assets / (4.4 MB). Loaded Objects now: 7950.
Memory consumption went from 157.8 MB to 153.3 MB.
Total: 17.072700 ms (FindLiveObjects: 1.287700 ms CreateObjectMapping: 0.552400 ms MarkObjects: 10.893400 ms  DeleteObjects: 4.336800 ms)

Prepare: number of updated asset objects reloaded= 0
========================================================================
Received Import Request.
  Time since last request: 266.071989 seconds.
  path: Assets/Prefab/Tile.prefab
  artifactKey: Guid(92e26ef1e0592d949963bd8e1d404dee) Importer(815301076,1909f56bfc062723c751e8b465ee728b)
Start importing Assets/Prefab/Tile.prefab using Guid(92e26ef1e0592d949963bd8e1d404dee) Importer(815301076,1909f56bfc062723c751e8b465ee728b) (PreviewImporter) -> (artifact id: '78b0799d14a1a10399cb14b1573fa221') in 0.4356134 seconds
Number of updated asset objects reloaded before import = 0Number of asset objects unloaded after import = 8

========================================================================
Received Prepare
Begin MonoManager ReloadAssembly
- Loaded All Assemblies, in  1.014 seconds
Refreshing native plugins compatible for Editor in 2.95 ms, found 4 plugins.
Assertion failed on expression: 'pred(*previous, *i)'
Assertion failed on expression: 'pred(*previous, *i)'
Native extension for WindowsStandalone target not found
[Package Manager] Failed to launch server process. Reason: Unity was launched with the -noUpm command-line argument
[Package Manager] Unable to send message (not connected to server process).
[Package Manager] Cannot connect to Unity Package Manager local server
Mono: successfully reloaded assembly
- Finished resetting the current domain, in  1.144 seconds
Domain Reload Profiling: 2162ms
	BeginReloadAssembly (347ms)
		ExecutionOrderSort (0ms)
		DisableScriptedObjects (31ms)
		BackupInstance (0ms)
		ReleaseScriptingObjects (0ms)
		CreateAndSetChildDomain (76ms)
	RebuildCommonClasses (50ms)
	RebuildNativeTypeToScriptingClass (17ms)
	initialDomainReloadingComplete (33ms)
	LoadAllAssembliesAndSetupDomain (571ms)
		LoadAssemblies (488ms)
		RebuildTransferFunctionScriptingTraits (0ms)
		AnalyzeDomain (257ms)
			TypeCache.Refresh (8ms)
				TypeCache.ScanAssembly (0ms)
			BuildScriptInfoCaches (230ms)
			ResolveRequiredComponents (14ms)
	FinalizeReload (1144ms)
		ReleaseScriptCaches (0ms)
		RebuildScriptCaches (0ms)
		SetupLoadedEditorAssemblies (949ms)
			LogAssemblyErrors (0ms)
			InitializePlatformSupportModulesInManaged (2ms)
			SetLoadedEditorAssemblies (7ms)
			BeforeProcessingInitializeOnLoad (195ms)
			ProcessInitializeOnLoadAttributes (631ms)
			ProcessInitializeOnLoadMethodAttributes (111ms)
			AfterProcessingInitializeOnLoad (4ms)
			EditorAssembliesLoaded (0ms)
		ExecutionOrderSort2 (0ms)
		AwakeInstancesAfterBackupRestoration (27ms)
Refreshing native plugins compatible for Editor in 2.59 ms, found 4 plugins.
Preloading 0 native plugins for Editor in 0.00 ms.
Unloading 16 Unused Serialized files (Serialized files now loaded: 0)
Unloading 6870 unused Assets / (4.0 MB). Loaded Objects now: 7973.
Memory consumption went from 158.0 MB to 154.0 MB.
Total: 13.578900 ms (FindLiveObjects: 1.366100 ms CreateObjectMapping: 0.646300 ms MarkObjects: 8.671400 ms  DeleteObjects: 2.893200 ms)

Prepare: number of updated asset objects reloaded= 0
========================================================================
Received Import Request.
  Time since last request: 111.791365 seconds.
  path: Assets/Prefab/Tile.prefab
  artifactKey: Guid(92e26ef1e0592d949963bd8e1d404dee) Importer(815301076,1909f56bfc062723c751e8b465ee728b)
Start importing Assets/Prefab/Tile.prefab using Guid(92e26ef1e0592d949963bd8e1d404dee) Importer(815301076,1909f56bfc062723c751e8b465ee728b) (PreviewImporter) -> (artifact id: '020200b3db15f6305f5ba86c14839c20') in 0.4947645 seconds
Number of updated asset objects reloaded before import = 0Number of asset objects unloaded after import = 10

========================================================================
Received Import Request.
  Time since last request: 5.974508 seconds.
  path: Assets/Prefab/Tile.prefab
  artifactKey: Guid(92e26ef1e0592d949963bd8e1d404dee) Importer(815301076,1909f56bfc062723c751e8b465ee728b)
Start importing Assets/Prefab/Tile.prefab using Guid(92e26ef1e0592d949963bd8e1d404dee) Importer(815301076,1909f56bfc062723c751e8b465ee728b) (PreviewImporter) -> (artifact id: 'b2e63b910231ae4ebc3d1012f7c6b861') in 0.0092611 seconds
Number of updated asset objects reloaded before import = 0Number of asset objects unloaded after import = 11

========================================================================
Received Import Request.
  Time since last request: 5.352918 seconds.
  path: Assets/Prefab/Tile.prefab
  artifactKey: Guid(92e26ef1e0592d949963bd8e1d404dee) Importer(815301076,1909f56bfc062723c751e8b465ee728b)
Start importing Assets/Prefab/Tile.prefab using Guid(92e26ef1e0592d949963bd8e1d404dee) Importer(815301076,1909f56bfc062723c751e8b465ee728b) (PreviewImporter) -> (artifact id: 'a39c3f69eef3cfcf7625ff46ec56ead9') in 0.0111598 seconds
Number of updated asset objects reloaded before import = 0Number of asset objects unloaded after import = 11

========================================================================
Received Prepare
Refreshing native plugins compatible for Editor in 2.77 ms, found 4 plugins.
Preloading 0 native plugins for Editor in 0.00 ms.
Unloading 16 Unused Serialized files (Serialized files now loaded: 0)
Unloading 6860 unused Assets / (4.1 MB). Loaded Objects now: 8065.
Memory consumption went from 158.6 MB to 154.5 MB.
Total: 16.190900 ms (FindLiveObjects: 1.676400 ms CreateObjectMapping: 0.733000 ms MarkObjects: 10.097500 ms  DeleteObjects: 3.682300 ms)

Prepare: number of updated asset objects reloaded= 0
========================================================================
Received Import Request.
  Time since last request: 9.129378 seconds.
  path: Assets/Prefab/Tile.prefab
  artifactKey: Guid(92e26ef1e0592d949963bd8e1d404dee) Importer(815301076,1909f56bfc062723c751e8b465ee728b)
Start importing Assets/Prefab/Tile.prefab using Guid(92e26ef1e0592d949963bd8e1d404dee) Importer(815301076,1909f56bfc062723c751e8b465ee728b) (PreviewImporter) -> (artifact id: '479d93c5c6ae83891da6889e008529a6') in 0.0191193 seconds
Number of updated asset objects reloaded before import = 0Number of asset objects unloaded after import = 11

========================================================================
Received Prepare
Begin MonoManager ReloadAssembly
[Licensing::Client] Successfully resolved entitlement details
[Licensing::Module] License group:
  Id: SC-94TA-K8WJ-DDFY-SDRS-XXXX
  Product: Unity Pro
  Type: ULF
  Expiration: 2026-03-25T18:51:37Z
[Licensing::Module] License group:
  Id: 18968259924050-zikryzakwan-UnityProStuXXXX
  Product: Unity Student
  Type: Assigned
  Expiration: 2026-03-19T18:51:37Z
- Loaded All Assemblies, in  1.089 seconds
Refreshing native plugins compatible for Editor in 2.54 ms, found 4 plugins.
Assertion failed on expression: 'pred(*previous, *i)'
Assertion failed on expression: 'pred(*previous, *i)'
Native extension for WindowsStandalone target not found
[Package Manager] Failed to launch server process. Reason: Unity was launched with the -noUpm command-line argument
[Package Manager] Unable to send message (not connected to server process).
[Package Manager] Cannot connect to Unity Package Manager local server
Mono: successfully reloaded assembly
- Finished resetting the current domain, in  1.152 seconds
Domain Reload Profiling: 2245ms
	BeginReloadAssembly (411ms)
		ExecutionOrderSort (0ms)
		DisableScriptedObjects (43ms)
		BackupInstance (0ms)
		ReleaseScriptingObjects (0ms)
		CreateAndSetChildDomain (81ms)
	RebuildCommonClasses (55ms)
	RebuildNativeTypeToScriptingClass (23ms)
	initialDomainReloadingComplete (32ms)
	LoadAllAssembliesAndSetupDomain (573ms)
		LoadAssemblies (517ms)
		RebuildTransferFunctionScriptingTraits (0ms)
		AnalyzeDomain (245ms)
			TypeCache.Refresh (12ms)
				TypeCache.ScanAssembly (0ms)
			BuildScriptInfoCaches (213ms)
			ResolveRequiredComponents (16ms)
	FinalizeReload (1153ms)
		ReleaseScriptCaches (0ms)
		RebuildScriptCaches (0ms)
		SetupLoadedEditorAssemblies (945ms)
			LogAssemblyErrors (0ms)
			InitializePlatformSupportModulesInManaged (2ms)
			SetLoadedEditorAssemblies (7ms)
			BeforeProcessingInitializeOnLoad (212ms)
			ProcessInitializeOnLoadAttributes (621ms)
			ProcessInitializeOnLoadMethodAttributes (99ms)
			AfterProcessingInitializeOnLoad (3ms)
			EditorAssembliesLoaded (0ms)
		ExecutionOrderSort2 (0ms)
		AwakeInstancesAfterBackupRestoration (25ms)
Refreshing native plugins compatible for Editor in 2.95 ms, found 4 plugins.
Preloading 0 native plugins for Editor in 0.00 ms.
Unloading 16 Unused Serialized files (Serialized files now loaded: 0)
Unloading 6870 unused Assets / (4.6 MB). Loaded Objects now: 7996.
Memory consumption went from 158.1 MB to 153.5 MB.
Total: 17.524400 ms (FindLiveObjects: 1.316700 ms CreateObjectMapping: 1.272100 ms MarkObjects: 10.080000 ms  DeleteObjects: 4.853600 ms)

Prepare: number of updated asset objects reloaded= 0
========================================================================
Received Import Request.
  Time since last request: 12.447300 seconds.
  path: Assets/Prefab/Tile.prefab
  artifactKey: Guid(92e26ef1e0592d949963bd8e1d404dee) Importer(815301076,1909f56bfc062723c751e8b465ee728b)
Start importing Assets/Prefab/Tile.prefab using Guid(92e26ef1e0592d949963bd8e1d404dee) Importer(815301076,1909f56bfc062723c751e8b465ee728b) (PreviewImporter) -> (artifact id: '21552df7b6a93ba41a41f185fb6cb3c2') in 0.4859033 seconds
Number of updated asset objects reloaded before import = 0Number of asset objects unloaded after import = 11

========================================================================
Received Import Request.
  Time since last request: 3.226369 seconds.
  path: Assets/Prefab/Tile.prefab
  artifactKey: Guid(92e26ef1e0592d949963bd8e1d404dee) Importer(815301076,1909f56bfc062723c751e8b465ee728b)
Start importing Assets/Prefab/Tile.prefab using Guid(92e26ef1e0592d949963bd8e1d404dee) Importer(815301076,1909f56bfc062723c751e8b465ee728b) (PreviewImporter) -> (artifact id: 'c483fbbb1b76de35954f5734c11bfa8a') in 0.0086762 seconds
Number of updated asset objects reloaded before import = 0Number of asset objects unloaded after import = 11

========================================================================
Received Import Request.
  Time since last request: 15.250195 seconds.
  path: Assets/Prefab/Tile.prefab
  artifactKey: Guid(92e26ef1e0592d949963bd8e1d404dee) Importer(815301076,1909f56bfc062723c751e8b465ee728b)
Start importing Assets/Prefab/Tile.prefab using Guid(92e26ef1e0592d949963bd8e1d404dee) Importer(815301076,1909f56bfc062723c751e8b465ee728b) (PreviewImporter) -> (artifact id: 'c6638ee9b66292718785d5ae288c0aa6') in 0.0079175 seconds
Number of updated asset objects reloaded before import = 0Number of asset objects unloaded after import = 11

========================================================================
Received Import Request.
  Time since last request: 18.746236 seconds.
  path: Assets/Prefab/Tile.prefab
  artifactKey: Guid(92e26ef1e0592d949963bd8e1d404dee) Importer(815301076,1909f56bfc062723c751e8b465ee728b)
Start importing Assets/Prefab/Tile.prefab using Guid(92e26ef1e0592d949963bd8e1d404dee) Importer(815301076,1909f56bfc062723c751e8b465ee728b) (PreviewImporter) -> (artifact id: 'ba65dd7febc5cf62d58c8201a0888b31') in 0.0097457 seconds
Number of updated asset objects reloaded before import = 0Number of asset objects unloaded after import = 11

========================================================================
Received Import Request.
  Time since last request: 1.889287 seconds.
  path: Assets/Prefab/Tile.prefab
  artifactKey: Guid(92e26ef1e0592d949963bd8e1d404dee) Importer(815301076,1909f56bfc062723c751e8b465ee728b)
Start importing Assets/Prefab/Tile.prefab using Guid(92e26ef1e0592d949963bd8e1d404dee) Importer(815301076,1909f56bfc062723c751e8b465ee728b) (PreviewImporter) -> (artifact id: '9a75bec540a76f16e4057d6af27c6c02') in 0.036156 seconds
Number of updated asset objects reloaded before import = 0Number of asset objects unloaded after import = 11

========================================================================
Received Import Request.
  Time since last request: 4.063726 seconds.
  path: Assets/Prefab/Tile.prefab
  artifactKey: Guid(92e26ef1e0592d949963bd8e1d404dee) Importer(815301076,1909f56bfc062723c751e8b465ee728b)
Start importing Assets/Prefab/Tile.prefab using Guid(92e26ef1e0592d949963bd8e1d404dee) Importer(815301076,1909f56bfc062723c751e8b465ee728b) (PreviewImporter) -> (artifact id: 'be699f5c9ca8296dd52ad1093e87deb6') in 0.0095299 seconds
Number of updated asset objects reloaded before import = 0Number of asset objects unloaded after import = 11

========================================================================
Received Prepare
Begin MonoManager ReloadAssembly
- Loaded All Assemblies, in  1.154 seconds
Refreshing native plugins compatible for Editor in 2.53 ms, found 4 plugins.
Assertion failed on expression: 'pred(*previous, *i)'
Assertion failed on expression: 'pred(*previous, *i)'
Native extension for WindowsStandalone target not found
[Package Manager] Failed to launch server process. Reason: Unity was launched with the -noUpm command-line argument
[Package Manager] Unable to send message (not connected to server process).
[Package Manager] Cannot connect to Unity Package Manager local server
Mono: successfully reloaded assembly
- Finished resetting the current domain, in  1.271 seconds
Domain Reload Profiling: 2430ms
	BeginReloadAssembly (392ms)
		ExecutionOrderSort (0ms)
		DisableScriptedObjects (42ms)
		BackupInstance (0ms)
		ReleaseScriptingObjects (0ms)
		CreateAndSetChildDomain (78ms)
	RebuildCommonClasses (48ms)
	RebuildNativeTypeToScriptingClass (23ms)
	initialDomainReloadingComplete (36ms)
	LoadAllAssembliesAndSetupDomain (659ms)
		LoadAssemblies (567ms)
		RebuildTransferFunctionScriptingTraits (0ms)
		AnalyzeDomain (274ms)
			TypeCache.Refresh (9ms)
				TypeCache.ScanAssembly (0ms)
			BuildScriptInfoCaches (244ms)
			ResolveRequiredComponents (15ms)
	FinalizeReload (1272ms)
		ReleaseScriptCaches (0ms)
		RebuildScriptCaches (0ms)
		SetupLoadedEditorAssemblies (1057ms)
			LogAssemblyErrors (0ms)
			InitializePlatformSupportModulesInManaged (2ms)
			SetLoadedEditorAssemblies (9ms)
			BeforeProcessingInitializeOnLoad (229ms)
			ProcessInitializeOnLoadAttributes (705ms)
			ProcessInitializeOnLoadMethodAttributes (108ms)
			AfterProcessingInitializeOnLoad (3ms)
			EditorAssembliesLoaded (0ms)
		ExecutionOrderSort2 (0ms)
		AwakeInstancesAfterBackupRestoration (24ms)
Refreshing native plugins compatible for Editor in 2.46 ms, found 4 plugins.
Preloading 0 native plugins for Editor in 0.00 ms.
Unloading 16 Unused Serialized files (Serialized files now loaded: 0)
Unloading 6870 unused Assets / (4.6 MB). Loaded Objects now: 8019.
Memory consumption went from 158.2 MB to 153.6 MB.
Total: 11.894000 ms (FindLiveObjects: 1.253700 ms CreateObjectMapping: 0.867500 ms MarkObjects: 6.536100 ms  DeleteObjects: 3.235000 ms)

Prepare: number of updated asset objects reloaded= 0
========================================================================
Received Import Request.
  Time since last request: 39.723315 seconds.
  path: Assets/Prefab/Tile.prefab
  artifactKey: Guid(92e26ef1e0592d949963bd8e1d404dee) Importer(815301076,1909f56bfc062723c751e8b465ee728b)
Start importing Assets/Prefab/Tile.prefab using Guid(92e26ef1e0592d949963bd8e1d404dee) Importer(815301076,1909f56bfc062723c751e8b465ee728b) (PreviewImporter) -> (artifact id: '1ddac9c9ab41558dc8fccc9b664ae7bf') in 0.4373786 seconds
Number of updated asset objects reloaded before import = 0Number of asset objects unloaded after import = 12

========================================================================
Received Prepare
Begin MonoManager ReloadAssembly
[Licensing::Client] Successfully resolved entitlement details
[Licensing::Module] License group:
  Id: SC-94TA-K8WJ-DDFY-SDRS-XXXX
  Product: Unity Pro
  Type: ULF
  Expiration: 2026-03-25T18:51:37Z
[Licensing::Module] License group:
  Id: 18968259924050-zikryzakwan-UnityProStuXXXX
  Product: Unity Student
  Type: Assigned
  Expiration: 2026-03-19T18:51:37Z
- Loaded All Assemblies, in  1.065 seconds
Refreshing native plugins compatible for Editor in 2.23 ms, found 4 plugins.
Assertion failed on expression: 'pred(*previous, *i)'
Assertion failed on expression: 'pred(*previous, *i)'
Native extension for WindowsStandalone target not found
[Package Manager] Failed to launch server process. Reason: Unity was launched with the -noUpm command-line argument
[Package Manager] Unable to send message (not connected to server process).
[Package Manager] Cannot connect to Unity Package Manager local server
Mono: successfully reloaded assembly
- Finished resetting the current domain, in  1.264 seconds
Domain Reload Profiling: 2333ms
	BeginReloadAssembly (380ms)
		ExecutionOrderSort (0ms)
		DisableScriptedObjects (39ms)
		BackupInstance (0ms)
		ReleaseScriptingObjects (0ms)
		CreateAndSetChildDomain (79ms)
	RebuildCommonClasses (48ms)
	RebuildNativeTypeToScriptingClass (21ms)
	initialDomainReloadingComplete (31ms)
	LoadAllAssembliesAndSetupDomain (588ms)
		LoadAssemblies (509ms)
		RebuildTransferFunctionScriptingTraits (0ms)
		AnalyzeDomain (254ms)
			TypeCache.Refresh (9ms)
				TypeCache.ScanAssembly (0ms)
			BuildScriptInfoCaches (223ms)
			ResolveRequiredComponents (16ms)
	FinalizeReload (1265ms)
		ReleaseScriptCaches (0ms)
		RebuildScriptCaches (0ms)
		SetupLoadedEditorAssemblies (1046ms)
			LogAssemblyErrors (0ms)
			InitializePlatformSupportModulesInManaged (2ms)
			SetLoadedEditorAssemblies (9ms)
			BeforeProcessingInitializeOnLoad (223ms)
			ProcessInitializeOnLoadAttributes (697ms)
			ProcessInitializeOnLoadMethodAttributes (111ms)
			AfterProcessingInitializeOnLoad (3ms)
			EditorAssembliesLoaded (1ms)
		ExecutionOrderSort2 (0ms)
		AwakeInstancesAfterBackupRestoration (30ms)
Refreshing native plugins compatible for Editor in 2.54 ms, found 4 plugins.
Preloading 0 native plugins for Editor in 0.00 ms.
Unloading 16 Unused Serialized files (Serialized files now loaded: 0)
Unloading 6870 unused Assets / (5.1 MB). Loaded Objects now: 8042.
Memory consumption went from 158.2 MB to 153.1 MB.
Total: 14.684600 ms (FindLiveObjects: 1.212100 ms CreateObjectMapping: 0.474700 ms MarkObjects: 8.285400 ms  DeleteObjects: 4.710100 ms)

Prepare: number of updated asset objects reloaded= 0
========================================================================
Received Import Request.
  Time since last request: 40.372433 seconds.
  path: Assets/Prefab/Tile.prefab
  artifactKey: Guid(92e26ef1e0592d949963bd8e1d404dee) Importer(815301076,1909f56bfc062723c751e8b465ee728b)
Start importing Assets/Prefab/Tile.prefab using Guid(92e26ef1e0592d949963bd8e1d404dee) Importer(815301076,1909f56bfc062723c751e8b465ee728b) (PreviewImporter) -> (artifact id: '460c0094367b144f164678e46a2e1038') in 0.4340972 seconds
Number of updated asset objects reloaded before import = 0Number of asset objects unloaded after import = 12

========================================================================
Received Prepare
Begin MonoManager ReloadAssembly
- Loaded All Assemblies, in  1.035 seconds
Refreshing native plugins compatible for Editor in 2.38 ms, found 4 plugins.
Assertion failed on expression: 'pred(*previous, *i)'
Assertion failed on expression: 'pred(*previous, *i)'
Native extension for WindowsStandalone target not found
[Package Manager] Failed to launch server process. Reason: Unity was launched with the -noUpm command-line argument
[Package Manager] Unable to send message (not connected to server process).
[Package Manager] Cannot connect to Unity Package Manager local server
Mono: successfully reloaded assembly
- Finished resetting the current domain, in  1.166 seconds
Domain Reload Profiling: 2206ms
	BeginReloadAssembly (355ms)
		ExecutionOrderSort (0ms)
		DisableScriptedObjects (33ms)
		BackupInstance (0ms)
		ReleaseScriptingObjects (0ms)
		CreateAndSetChildDomain (82ms)
	RebuildCommonClasses (52ms)
	RebuildNativeTypeToScriptingClass (18ms)
	initialDomainReloadingComplete (32ms)
	LoadAllAssembliesAndSetupDomain (583ms)
		LoadAssemblies (513ms)
		RebuildTransferFunctionScriptingTraits (0ms)
		AnalyzeDomain (248ms)
			TypeCache.Refresh (9ms)
				TypeCache.ScanAssembly (0ms)
			BuildScriptInfoCaches (222ms)
			ResolveRequiredComponents (12ms)
	FinalizeReload (1167ms)
		ReleaseScriptCaches (0ms)
		RebuildScriptCaches (0ms)
		SetupLoadedEditorAssemblies (934ms)
			LogAssemblyErrors (0ms)
			InitializePlatformSupportModulesInManaged (2ms)
			SetLoadedEditorAssemblies (7ms)
			BeforeProcessingInitializeOnLoad (189ms)
			ProcessInitializeOnLoadAttributes (616ms)
			ProcessInitializeOnLoadMethodAttributes (115ms)
			AfterProcessingInitializeOnLoad (4ms)
			EditorAssembliesLoaded (1ms)
		ExecutionOrderSort2 (0ms)
		AwakeInstancesAfterBackupRestoration (29ms)
Refreshing native plugins compatible for Editor in 3.11 ms, found 4 plugins.
Preloading 0 native plugins for Editor in 0.00 ms.
Unloading 16 Unused Serialized files (Serialized files now loaded: 0)
Unloading 6870 unused Assets / (4.1 MB). Loaded Objects now: 8065.
Memory consumption went from 158.2 MB to 154.1 MB.
Total: 12.998800 ms (FindLiveObjects: 1.282100 ms CreateObjectMapping: 0.712400 ms MarkObjects: 7.906500 ms  DeleteObjects: 3.096300 ms)

Prepare: number of updated asset objects reloaded= 0
========================================================================
Received Import Request.
  Time since last request: 27.456610 seconds.
  path: Assets/Prefab/Tile.prefab
  artifactKey: Guid(92e26ef1e0592d949963bd8e1d404dee) Importer(815301076,1909f56bfc062723c751e8b465ee728b)
Start importing Assets/Prefab/Tile.prefab using Guid(92e26ef1e0592d949963bd8e1d404dee) Importer(815301076,1909f56bfc062723c751e8b465ee728b) (PreviewImporter) -> (artifact id: '66188c5b00cda69296e10c51990931c2') in 0.4796414 seconds
Number of updated asset objects reloaded before import = 0Number of asset objects unloaded after import = 9

========================================================================
Received Prepare
Refreshing native plugins compatible for Editor in 3.22 ms, found 4 plugins.
Preloading 0 native plugins for Editor in 0.00 ms.
Unloading 16 Unused Serialized files (Serialized files now loaded: 0)
Unloading 6860 unused Assets / (3.8 MB). Loaded Objects now: 8157.
Memory consumption went from 158.8 MB to 155.0 MB.
Total: 16.204000 ms (FindLiveObjects: 1.638700 ms CreateObjectMapping: 1.142700 ms MarkObjects: 10.588300 ms  DeleteObjects: 2.832100 ms)

Prepare: number of updated asset objects reloaded= 0
========================================================================
Received Prepare
Begin MonoManager ReloadAssembly
[Licensing::Client] Successfully resolved entitlement details
[Licensing::Module] License group:
  Id: SC-94TA-K8WJ-DDFY-SDRS-XXXX
  Product: Unity Pro
  Type: ULF
  Expiration: 2026-03-25T18:51:37Z
[Licensing::Module] License group:
  Id: 18968259924050-zikryzakwan-UnityProStuXXXX
  Product: Unity Student
  Type: Assigned
  Expiration: 2026-03-19T18:51:37Z
- Loaded All Assemblies, in  1.087 seconds
Refreshing native plugins compatible for Editor in 3.24 ms, found 4 plugins.
Assertion failed on expression: 'pred(*previous, *i)'
Assertion failed on expression: 'pred(*previous, *i)'
Native extension for WindowsStandalone target not found
[Package Manager] Failed to launch server process. Reason: Unity was launched with the -noUpm command-line argument
[Package Manager] Unable to send message (not connected to server process).
[Package Manager] Cannot connect to Unity Package Manager local server
Mono: successfully reloaded assembly
- Finished resetting the current domain, in  1.108 seconds
Domain Reload Profiling: 2198ms
	BeginReloadAssembly (411ms)
		ExecutionOrderSort (0ms)
		DisableScriptedObjects (41ms)
		BackupInstance (0ms)
		ReleaseScriptingObjects (1ms)
		CreateAndSetChildDomain (85ms)
	RebuildCommonClasses (46ms)
	RebuildNativeTypeToScriptingClass (17ms)
	initialDomainReloadingComplete (31ms)
	LoadAllAssembliesAndSetupDomain (585ms)
		LoadAssemblies (511ms)
		RebuildTransferFunctionScriptingTraits (0ms)
		AnalyzeDomain (260ms)
			TypeCache.Refresh (12ms)
				TypeCache.ScanAssembly (0ms)
			BuildScriptInfoCaches (230ms)
			ResolveRequiredComponents (13ms)
	FinalizeReload (1108ms)
		ReleaseScriptCaches (0ms)
		RebuildScriptCaches (0ms)
		SetupLoadedEditorAssemblies (880ms)
			LogAssemblyErrors (0ms)
			InitializePlatformSupportModulesInManaged (2ms)
			SetLoadedEditorAssemblies (7ms)
			BeforeProcessingInitializeOnLoad (217ms)
			ProcessInitializeOnLoadAttributes (559ms)
			ProcessInitializeOnLoadMethodAttributes (92ms)
			AfterProcessingInitializeOnLoad (3ms)
			EditorAssembliesLoaded (0ms)
		ExecutionOrderSort2 (0ms)
		AwakeInstancesAfterBackupRestoration (25ms)
Refreshing native plugins compatible for Editor in 2.38 ms, found 4 plugins.
Preloading 0 native plugins for Editor in 0.00 ms.
Unloading 16 Unused Serialized files (Serialized files now loaded: 0)
Unloading 6870 unused Assets / (4.4 MB). Loaded Objects now: 8088.
Memory consumption went from 158.3 MB to 153.9 MB.
Total: 11.769800 ms (FindLiveObjects: 1.249000 ms CreateObjectMapping: 0.830900 ms MarkObjects: 7.041600 ms  DeleteObjects: 2.646600 ms)

Prepare: number of updated asset objects reloaded= 0
========================================================================
Received Prepare
Begin MonoManager ReloadAssembly
- Loaded All Assemblies, in  1.016 seconds
Refreshing native plugins compatible for Editor in 2.32 ms, found 4 plugins.
Assertion failed on expression: 'pred(*previous, *i)'
Assertion failed on expression: 'pred(*previous, *i)'
Native extension for WindowsStandalone target not found
[Package Manager] Failed to launch server process. Reason: Unity was launched with the -noUpm command-line argument
[Package Manager] Unable to send message (not connected to server process).
[Package Manager] Cannot connect to Unity Package Manager local server
Mono: successfully reloaded assembly
- Finished resetting the current domain, in  1.197 seconds
Domain Reload Profiling: 2216ms
	BeginReloadAssembly (328ms)
		ExecutionOrderSort (0ms)
		DisableScriptedObjects (21ms)
		BackupInstance (0ms)
		ReleaseScriptingObjects (0ms)
		CreateAndSetChildDomain (67ms)
	RebuildCommonClasses (51ms)
	RebuildNativeTypeToScriptingClass (23ms)
	initialDomainReloadingComplete (30ms)
	LoadAllAssembliesAndSetupDomain (587ms)
		LoadAssemblies (530ms)
		RebuildTransferFunctionScriptingTraits (0ms)
		AnalyzeDomain (234ms)
			TypeCache.Refresh (9ms)
				TypeCache.ScanAssembly (0ms)
			BuildScriptInfoCaches (209ms)
			ResolveRequiredComponents (12ms)
	FinalizeReload (1197ms)
		ReleaseScriptCaches (0ms)
		RebuildScriptCaches (0ms)
		SetupLoadedEditorAssemblies (980ms)
			LogAssemblyErrors (0ms)
			InitializePlatformSupportModulesInManaged (2ms)
			SetLoadedEditorAssemblies (4ms)
			BeforeProcessingInitializeOnLoad (218ms)
			ProcessInitializeOnLoadAttributes (644ms)
			ProcessInitializeOnLoadMethodAttributes (109ms)
			AfterProcessingInitializeOnLoad (4ms)
			EditorAssembliesLoaded (0ms)
		ExecutionOrderSort2 (0ms)
		AwakeInstancesAfterBackupRestoration (30ms)
Refreshing native plugins compatible for Editor in 2.80 ms, found 4 plugins.
Preloading 0 native plugins for Editor in 0.00 ms.
Unloading 16 Unused Serialized files (Serialized files now loaded: 0)
Unloading 6870 unused Assets / (4.5 MB). Loaded Objects now: 8091.
Memory consumption went from 158.2 MB to 153.7 MB.
Total: 16.511000 ms (FindLiveObjects: 1.409300 ms CreateObjectMapping: 0.820500 ms MarkObjects: 10.335400 ms  DeleteObjects: 3.943900 ms)

Prepare: number of updated asset objects reloaded= 0
